,idade,dias_semana,horas_semana,grupo_estudos,ic,trabalho_TI,periodo_trabalho,media_final
0,35.0,4.0,7.0,0.0,1.0,1.0,1.0,8.34419215312002
1,31.0,5.0,14.0,1.0,0.0,0.0,2.0,4.894730572173392
2,39.0,3.0,18.0,1.0,0.0,0.0,0.0,6.282464773479883
3,25.0,4.0,20.0,0.0,1.0,1.0,1.0,7.424335903114336
4,30.0,4.0,16.0,1.0,1.0,1.0,1.0,7.382387451459614
5,31.0,4.0,16.0,0.0,1.0,1.0,1.0,6.886249336512658
6,27.0,3.0,16.0,0.0,1.0,1.0,1.0,6.301388350648793
7,26.0,3.0,17.0,0.0,0.0,0.0,2.0,4.436695046890521
8,37.0,3.0,15.0,0.0,1.0,0.0,1.0,6.629799069887041
9,34.0,4.0,24.0,1.0,0.0,0.0,0.0,7.175908546507488
10,30.0,6.0,7.0,0.0,1.0,1.0,0.0,7.165019569964587
11,35.0,4.0,19.0,0.0,1.0,1.0,1.0,7.220886587168016
12,32.0,4.0,18.0,1.0,0.0,1.0,2.0,7.464808405091165
13,31.0,4.0,13.0,0.0,1.0,1.0,1.0,6.577315512168959
14,35.0,2.0,11.0,1.0,0.0,0.0,1.0,3.4069611650396494
15,30.0,3.0,16.0,0.0,0.0,0.0,1.0,3.8341291009520786
16,32.0,5.0,10.0,0.0,1.0,0.0,1.0,7.470331920378525
17,33.0,3.0,11.0,0.0,1.0,0.0,1.0,5.846375245333062
18,33.0,4.0,9.0,0.0,0.0,1.0,2.0,6.045517482459561
19,26.0,4.0,18.0,0.0,0.0,0.0,1.0,3.7352961553313815
20,32.0,6.0,8.0,1.0,0.0,1.0,1.0,6.905327464068367
21,37.0,5.0,13.0,0.0,0.0,0.0,2.0,6.841907976434541
22,28.0,4.0,14.0,0.0,0.0,0.0,1.0,5.245777840437251
23,32.0,5.0,20.0,0.0,1.0,0.0,1.0,7.290922046459498
24,20.0,5.0,17.0,1.0,1.0,1.0,0.0,5.563826963320369
25,38.0,3.0,14.0,0.0,0.0,1.0,1.0,6.31166156308822
26,32.0,4.0,19.0,0.0,1.0,0.0,1.0,5.993439442740753
27,32.0,3.0,9.0,0.0,0.0,0.0,1.0,3.597738530026444
28,24.0,5.0,14.0,1.0,0.0,1.0,1.0,5.870313419747544
29,29.0,5.0,16.0,1.0,1.0,1.0,1.0,7.37696740942234
30,29.0,5.0,14.0,0.0,0.0,0.0,1.0,4.691435862934369
31,22.0,5.0,16.0,1.0,0.0,1.0,1.0,6.207466003892256
32,33.0,3.0,13.0,0.0,1.0,1.0,1.0,5.979818173553608
33,35.0,4.0,5.0,0.0,0.0,1.0,1.0,5.389446879899995
34,19.0,4.0,10.0,1.0,1.0,0.0,1.0,3.5445225372819618
35,33.0,4.0,5.0,0.0,1.0,0.0,2.0,5.156650240868864
36,33.0,5.0,18.0,0.0,0.0,0.0,1.0,6.39961116087468
37,36.0,6.0,17.0,1.0,0.0,1.0,1.0,9.3251099950801
38,30.0,3.0,18.0,0.0,0.0,1.0,1.0,5.457772396100288
39,30.0,4.0,12.0,0.0,0.0,1.0,1.0,5.103814881925629
40,23.0,4.0,17.0,0.0,0.0,1.0,1.0,6.6888901073524885
41,32.0,4.0,12.0,1.0,0.0,1.0,1.0,6.0266834275415375
42,40.0,2.0,16.0,0.0,1.0,0.0,1.0,6.6195968142550665
43,29.0,5.0,6.0,0.0,0.0,1.0,1.0,4.1653525672301415
44,28.0,5.0,2.0,1.0,0.0,1.0,1.0,5.1423801782668175
45,33.0,5.0,20.0,0.0,0.0,1.0,1.0,7.150386699522835
46,29.0,5.0,5.0,1.0,0.0,1.0,1.0,6.169256564127759
47,26.0,4.0,7.0,0.0,1.0,0.0,1.0,4.521321587958152
48,18.0,4.0,12.0,1.0,0.0,0.0,1.0,3.4667574063425812
49,30.0,4.0,13.0,0.0,1.0,0.0,2.0,6.1634164880171705
50,34.0,3.0,5.0,0.0,0.0,1.0,0.0,3.615641592132822
51,30.0,3.0,13.0,0.0,1.0,1.0,0.0,5.897979717034396
52,37.0,6.0,15.0,0.0,0.0,0.0,2.0,7.7638221190560035
53,37.0,4.0,15.0,1.0,0.0,1.0,1.0,7.340216442937144
54,26.0,7.0,5.0,1.0,0.0,1.0,1.0,5.316840543826057
55,24.0,3.0,12.0,1.0,0.0,0.0,1.0,1.6713754124867757
56,30.0,3.0,12.0,1.0,0.0,0.0,1.0,4.0055250529453605
57,43.0,4.0,10.0,0.0,0.0,0.0,1.0,5.979064065400186
58,30.0,3.0,11.0,0.0,1.0,1.0,1.0,6.498704808588841
59,28.0,2.0,19.0,0.0,1.0,1.0,1.0,6.269131032054569
60,25.0,6.0,9.0,0.0,0.0,1.0,1.0,5.466107624620236
61,26.0,3.0,7.0,0.0,0.0,0.0,2.0,3.3817861023995106
62,33.0,4.0,19.0,0.0,0.0,1.0,1.0,7.170030359042404
63,27.0,4.0,10.0,0.0,0.0,1.0,1.0,4.063145946252776
64,34.0,5.0,12.0,0.0,0.0,1.0,0.0,6.61385858270118
65,29.0,3.0,1.0,1.0,0.0,0.0,2.0,2.751399899998965
66,27.0,4.0,14.0,0.0,0.0,1.0,1.0,5.518212159130846
67,33.0,4.0,17.0,0.0,1.0,1.0,1.0,7.72105477584973
68,31.0,4.0,22.0,0.0,1.0,0.0,1.0,7.394817873500575
69,35.0,6.0,16.0,1.0,0.0,0.0,1.0,7.560631445726357
70,32.0,5.0,13.0,0.0,0.0,0.0,1.0,5.123059058339495
71,25.0,4.0,18.0,0.0,0.0,1.0,1.0,5.4534872144197495
72,29.0,3.0,11.0,1.0,0.0,0.0,1.0,4.103819046411977
73,31.0,5.0,20.0,0.0,0.0,1.0,2.0,6.852868910686832
74,36.0,3.0,19.0,0.0,0.0,1.0,0.0,5.502414706987143
75,33.0,4.0,15.0,0.0,1.0,0.0,1.0,6.000120707323467
76,42.0,2.0,9.0,1.0,1.0,1.0,1.0,7.6866955322668495
77,26.0,6.0,15.0,0.0,0.0,0.0,1.0,5.120197600114179
78,32.0,3.0,18.0,1.0,0.0,1.0,1.0,5.961253603662327
79,33.0,4.0,10.0,0.0,0.0,1.0,1.0,3.990527389999955
80,28.0,5.0,15.0,0.0,0.0,0.0,1.0,4.245561964109788
81,21.0,3.0,15.0,1.0,0.0,0.0,1.0,4.308725304233519
82,30.0,6.0,11.0,1.0,0.0,1.0,1.0,6.6754469820429225
83,34.0,3.0,14.0,0.0,0.0,1.0,1.0,6.192119715551537
84,31.0,6.0,15.0,1.0,1.0,0.0,1.0,9.45085337247098
85,32.0,2.0,13.0,0.0,1.0,0.0,1.0,5.299064641746138
86,23.0,6.0,19.0,0.0,1.0,0.0,2.0,6.646678123970823
87,39.0,2.0,9.0,1.0,0.0,1.0,1.0,4.763194185385604
88,28.0,5.0,7.0,0.0,1.0,0.0,2.0,4.698560761650966
89,30.0,4.0,16.0,0.0,0.0,0.0,1.0,4.50902676552185
90,27.0,2.0,19.0,1.0,0.0,1.0,1.0,5.940773535791151
91,31.0,4.0,17.0,1.0,0.0,1.0,0.0,6.459537284799706
92,24.0,5.0,18.0,0.0,1.0,1.0,1.0,6.582730160884072
93,30.0,7.0,20.0,0.0,0.0,0.0,0.0,7.396648939092104
94,27.0,3.0,17.0,0.0,1.0,0.0,1.0,6.016595964451767
95,21.0,2.0,7.0,0.0,0.0,1.0,0.0,1.6915536113918632
96,30.0,5.0,14.0,0.0,0.0,1.0,1.0,7.021516915958436
97,26.0,4.0,16.0,0.0,0.0,1.0,1.0,5.368552870097236
98,31.0,5.0,10.0,1.0,0.0,1.0,2.0,5.351180058478847
99,30.0,5.0,12.0,1.0,0.0,1.0,0.0,6.102030001531393
100,30.0,4.0,4.0,0.0,0.0,1.0,1.0,3.6234121833863
101,31.0,5.0,12.0,0.0,0.0,1.0,2.0,4.929277968207288
102,23.0,5.0,12.0,0.0,1.0,0.0,1.0,4.901222682393382
103,35.0,5.0,21.0,1.0,0.0,0.0,1.0,7.634309376572332
104,27.0,4.0,17.0,1.0,1.0,1.0,0.0,6.206965670059727
105,36.0,4.0,17.0,0.0,0.0,0.0,1.0,5.055001175871054
106,31.0,3.0,11.0,1.0,0.0,1.0,0.0,5.609425174924373
107,20.0,5.0,12.0,1.0,1.0,1.0,1.0,5.128787430766422
108,30.0,4.0,9.0,1.0,1.0,0.0,2.0,6.33869834740718
109,33.0,5.0,5.0,0.0,1.0,0.0,0.0,5.636950762389632
110,29.0,2.0,9.0,1.0,1.0,1.0,1.0,4.742425381870632
111,30.0,4.0,7.0,1.0,0.0,1.0,1.0,5.057045260557039
112,26.0,4.0,9.0,0.0,0.0,0.0,0.0,3.429777990378899
113,26.0,4.0,13.0,0.0,0.0,1.0,1.0,5.430962008630198
114,26.0,4.0,12.0,0.0,1.0,1.0,0.0,6.311995433848767
115,30.0,4.0,12.0,1.0,1.0,1.0,1.0,8.394386028110144
116,27.0,5.0,4.0,0.0,0.0,0.0,0.0,3.4009033126896684
117,37.0,6.0,14.0,0.0,0.0,1.0,1.0,8.318242914680454
118,23.0,3.0,19.0,0.0,1.0,0.0,1.0,5.6446145834942305
119,26.0,2.0,23.0,0.0,0.0,1.0,1.0,4.39354319349605
120,35.0,5.0,1.0,0.0,0.0,1.0,2.0,4.8472098868130455
121,35.0,6.0,18.0,1.0,0.0,0.0,1.0,7.158087547142385
122,32.0,5.0,10.0,1.0,0.0,1.0,2.0,6.938491837444783
123,33.0,4.0,17.0,1.0,0.0,0.0,1.0,6.344511086236385
124,32.0,4.0,14.0,0.0,0.0,0.0,2.0,4.683859312030382
125,31.0,2.0,13.0,1.0,0.0,1.0,1.0,5.146992084496299
126,28.0,5.0,5.0,0.0,1.0,0.0,1.0,5.09321111921033
127,27.0,5.0,12.0,1.0,0.0,0.0,2.0,5.191869077457731
128,30.0,4.0,11.0,0.0,1.0,1.0,1.0,6.109070102707312
129,35.0,1.0,13.0,1.0,0.0,0.0,1.0,4.3535701847951405
130,31.0,5.0,16.0,0.0,1.0,0.0,1.0,6.8905067324516445
131,33.0,4.0,17.0,0.0,1.0,1.0,1.0,7.8300014602835315
132,32.0,4.0,12.0,0.0,0.0,1.0,1.0,6.43034583915469
133,37.0,4.0,23.0,0.0,0.0,0.0,1.0,7.385425748460536
134,26.0,3.0,6.0,0.0,1.0,1.0,0.0,3.282055017583392
135,31.0,5.0,6.0,1.0,1.0,1.0,1.0,7.469305926799182
136,31.0,3.0,18.0,0.0,0.0,1.0,1.0,5.3158582493457684
137,28.0,5.0,9.0,0.0,0.0,0.0,1.0,4.503546463430579
138,28.0,4.0,13.0,0.0,1.0,0.0,1.0,5.69117368665939
139,29.0,4.0,16.0,1.0,0.0,0.0,0.0,5.864784002129657
140,30.0,4.0,16.0,0.0,0.0,0.0,1.0,5.613718500952923
141,37.0,3.0,16.0,0.0,0.0,0.0,1.0,5.476741659688077
142,32.0,3.0,27.0,0.0,0.0,0.0,1.0,5.367627101322482
143,35.0,5.0,20.0,0.0,1.0,0.0,1.0,8.162183262066542
144,27.0,2.0,13.0,0.0,1.0,0.0,0.0,4.69600494555432
145,26.0,2.0,6.0,0.0,0.0,0.0,0.0,1.6823252236712634
146,28.0,3.0,14.0,1.0,1.0,1.0,1.0,5.838155934269473
147,30.0,6.0,14.0,1.0,0.0,0.0,1.0,5.911899622579871
148,30.0,3.0,21.0,0.0,1.0,1.0,0.0,7.198147637576083
149,33.0,6.0,10.0,1.0,0.0,0.0,1.0,3.734143837028822
150,35.0,5.0,16.0,0.0,1.0,0.0,0.0,7.964934660043184
151,29.0,6.0,16.0,0.0,0.0,0.0,1.0,5.91738867060324
152,41.0,2.0,9.0,1.0,0.0,0.0,1.0,5.095110578660073
153,37.0,3.0,13.0,1.0,0.0,0.0,2.0,5.766882430259256
154,25.0,5.0,6.0,0.0,0.0,1.0,1.0,4.090713911834576
155,24.0,4.0,14.0,1.0,0.0,1.0,1.0,5.199108691864664
156,29.0,3.0,12.0,1.0,1.0,1.0,1.0,6.231364106651271
157,38.0,4.0,13.0,1.0,0.0,0.0,1.0,6.080002875744219
158,22.0,5.0,14.0,0.0,1.0,0.0,1.0,4.80106270450103
159,28.0,4.0,7.0,0.0,0.0,0.0,1.0,3.453052312986729
160,19.0,2.0,15.0,1.0,1.0,1.0,1.0,4.653403938325669
161,29.0,5.0,16.0,1.0,0.0,1.0,1.0,6.007072337103913
162,25.0,4.0,15.0,0.0,0.0,1.0,2.0,3.802381587018588
163,34.0,3.0,19.0,1.0,1.0,1.0,1.0,7.199751136050939
164,32.0,4.0,15.0,1.0,1.0,0.0,2.0,5.996232344974225
165,34.0,4.0,7.0,1.0,0.0,1.0,2.0,5.30577797364019
166,28.0,5.0,3.0,0.0,0.0,1.0,1.0,4.7985316736602215
167,37.0,3.0,19.0,1.0,0.0,0.0,1.0,6.644658967476037
168,26.0,5.0,11.0,0.0,0.0,1.0,1.0,4.190614096456021
169,30.0,5.0,19.0,1.0,0.0,1.0,1.0,7.908838585872883
170,39.0,5.0,13.0,0.0,0.0,1.0,2.0,7.63566348198183
171,34.0,4.0,8.0,0.0,0.0,1.0,1.0,5.211406273967605
172,26.0,4.0,11.0,1.0,0.0,0.0,1.0,3.819929076023228
173,33.0,3.0,10.0,0.0,1.0,1.0,1.0,6.14081265080871
174,42.0,4.0,11.0,0.0,1.0,0.0,1.0,7.505688920126176
175,33.0,5.0,21.0,1.0,1.0,1.0,1.0,9.78536732705279
176,35.0,5.0,8.0,0.0,0.0,0.0,1.0,4.402483447974019
177,27.0,4.0,18.0,0.0,0.0,1.0,1.0,5.289432859226972
178,29.0,3.0,19.0,1.0,0.0,1.0,1.0,5.0240578829031195
179,36.0,5.0,13.0,1.0,0.0,1.0,1.0,7.399421451033226
180,34.0,5.0,10.0,1.0,0.0,1.0,1.0,6.273989095817824
181,28.0,4.0,8.0,1.0,1.0,0.0,2.0,5.417192238196234
182,35.0,4.0,10.0,0.0,0.0,1.0,1.0,6.5303484635806095
183,19.0,6.0,5.0,0.0,1.0,1.0,1.0,4.796509502098229
184,22.0,4.0,22.0,1.0,1.0,0.0,1.0,5.942007885702296
185,29.0,4.0,17.0,1.0,0.0,0.0,1.0,5.561378886129426
186,34.0,3.0,11.0,0.0,0.0,1.0,1.0,5.483702684727332
187,30.0,4.0,18.0,1.0,1.0,0.0,1.0,7.108760759515819
188,29.0,1.0,10.0,0.0,1.0,0.0,2.0,4.221097158869262
189,27.0,3.0,11.0,0.0,0.0,0.0,1.0,3.911503772963952
190,25.0,4.0,14.0,0.0,0.0,1.0,1.0,4.513723592201919
191,27.0,5.0,11.0,1.0,0.0,1.0,1.0,5.8942921538883155
192,30.0,3.0,15.0,1.0,0.0,1.0,1.0,6.049594156209847
193,34.0,2.0,20.0,1.0,1.0,1.0,0.0,7.8158277704091645
194,25.0,4.0,11.0,0.0,0.0,1.0,0.0,4.520755976286773
195,30.0,5.0,23.0,0.0,1.0,0.0,1.0,7.935369801342286
196,27.0,3.0,20.0,1.0,1.0,1.0,1.0,6.93749463846913
197,36.0,2.0,9.0,0.0,1.0,0.0,1.0,4.984242081124864
198,29.0,4.0,15.0,0.0,0.0,0.0,1.0,5.219646264111398
199,29.0,7.0,21.0,1.0,0.0,1.0,0.0,8.102654845932662
200,26.0,2.0,14.0,1.0,0.0,0.0,1.0,2.937375889698315
201,28.0,6.0,15.0,0.0,0.0,1.0,1.0,7.650277531135503
202,29.0,4.0,15.0,1.0,1.0,1.0,0.0,6.165948791507434
203,32.0,4.0,11.0,1.0,1.0,1.0,1.0,7.102703581152648
204,36.0,3.0,14.0,0.0,1.0,1.0,1.0,7.055988664872375
205,23.0,5.0,8.0,1.0,1.0,0.0,0.0,4.727055587687899
206,27.0,6.0,12.0,0.0,0.0,1.0,1.0,5.859051934560967
207,34.0,4.0,18.0,1.0,1.0,1.0,1.0,7.536406115821375
208,29.0,2.0,20.0,1.0,0.0,1.0,1.0,5.574325282248937
209,33.0,3.0,13.0,1.0,1.0,0.0,1.0,6.251805251825431
210,24.0,4.0,15.0,0.0,0.0,0.0,1.0,3.9040240823946037
211,31.0,6.0,15.0,0.0,0.0,1.0,1.0,7.493092565091042
212,32.0,3.0,13.0,0.0,0.0,0.0,1.0,2.302778487218281
213,29.0,4.0,13.0,1.0,1.0,1.0,2.0,7.090658368534273
214,24.0,4.0,11.0,1.0,1.0,0.0,1.0,5.045022474543683
215,32.0,4.0,16.0,1.0,0.0,1.0,1.0,7.6629037660267425
216,26.0,4.0,13.0,0.0,0.0,1.0,1.0,4.71378624170042
217,28.0,5.0,6.0,1.0,1.0,0.0,2.0,5.48259095661798
218,40.0,4.0,8.0,0.0,0.0,1.0,1.0,6.201828302296865
219,38.0,4.0,14.0,1.0,1.0,1.0,1.0,8.466654917684716
220,31.0,2.0,9.0,1.0,0.0,1.0,1.0,5.158673849023746
221,31.0,3.0,17.0,1.0,0.0,0.0,1.0,5.430187505875615
222,33.0,3.0,13.0,1.0,1.0,0.0,1.0,5.881328702407618
223,28.0,3.0,8.0,1.0,0.0,0.0,2.0,4.1873661486364515
224,35.0,3.0,15.0,0.0,0.0,0.0,2.0,5.596110559143057
225,26.0,4.0,6.0,1.0,1.0,1.0,0.0,4.907294849605047
226,34.0,5.0,12.0,1.0,0.0,0.0,1.0,5.8444888541682944
227,28.0,2.0,8.0,0.0,1.0,0.0,1.0,3.1511030356439553
228,27.0,3.0,13.0,0.0,0.0,1.0,1.0,3.537585260475508
229,31.0,3.0,13.0,1.0,1.0,0.0,1.0,5.84125281018966
230,32.0,6.0,19.0,0.0,0.0,1.0,1.0,7.716659895058866
231,26.0,5.0,17.0,0.0,1.0,1.0,2.0,6.590180168550159
232,29.0,3.0,6.0,1.0,0.0,1.0,1.0,4.693838254356431
233,42.0,4.0,21.0,1.0,0.0,1.0,1.0,8.865130241669878
234,36.0,4.0,6.0,1.0,0.0,1.0,1.0,6.8856716473923925
235,28.0,4.0,14.0,1.0,0.0,0.0,1.0,4.398728680392521
236,25.0,5.0,24.0,1.0,0.0,1.0,1.0,5.777319295211968
237,27.0,4.0,19.0,0.0,0.0,1.0,2.0,5.770055158145698
238,35.0,5.0,6.0,1.0,0.0,0.0,2.0,5.791092133675442
239,35.0,5.0,14.0,1.0,1.0,1.0,1.0,8.75165030957265
240,41.0,3.0,9.0,0.0,1.0,1.0,1.0,7.003460980831232
241,29.0,4.0,14.0,1.0,1.0,0.0,2.0,6.315306560162587
242,40.0,5.0,5.0,0.0,0.0,0.0,2.0,6.0034310531158805
243,27.0,4.0,11.0,1.0,0.0,0.0,0.0,4.683372181290461
244,27.0,5.0,14.0,0.0,1.0,1.0,2.0,6.657902548580481
245,31.0,2.0,14.0,1.0,0.0,1.0,1.0,6.604426356650296
246,27.0,4.0,15.0,0.0,1.0,0.0,2.0,5.945037378703665
247,27.0,2.0,13.0,1.0,0.0,1.0,1.0,4.651393052531718
248,28.0,3.0,8.0,0.0,0.0,0.0,1.0,3.418847650938436
249,30.0,4.0,15.0,0.0,0.0,1.0,1.0,5.15783104445641
250,27.0,5.0,11.0,1.0,0.0,1.0,0.0,5.709384703520798
251,34.0,3.0,20.0,1.0,0.0,1.0,0.0,6.919279094873994
252,34.0,5.0,23.0,1.0,0.0,0.0,1.0,7.299315000599442
253,31.0,5.0,8.0,0.0,0.0,0.0,1.0,5.067203209651372
254,26.0,4.0,16.0,0.0,1.0,0.0,1.0,5.500223704497593
255,32.0,3.0,13.0,0.0,1.0,0.0,2.0,5.3422811546920865
256,28.0,2.0,13.0,0.0,1.0,0.0,1.0,3.743822736152789
257,29.0,4.0,9.0,1.0,1.0,1.0,1.0,6.239093158739261
258,29.0,5.0,11.0,1.0,0.0,1.0,1.0,6.518080162163421
259,30.0,5.0,17.0,0.0,1.0,0.0,1.0,7.120165352825371
260,35.0,4.0,11.0,1.0,0.0,0.0,1.0,5.001218180643265
261,33.0,4.0,8.0,1.0,0.0,0.0,1.0,4.696538548504458
262,21.0,3.0,16.0,1.0,0.0,0.0,1.0,3.7190143288812254
263,30.0,4.0,19.0,0.0,1.0,1.0,2.0,8.292659011955884
264,28.0,5.0,13.0,1.0,1.0,1.0,2.0,7.456335144688765
265,33.0,4.0,11.0,0.0,0.0,0.0,1.0,4.386773825598485
266,35.0,4.0,18.0,1.0,1.0,1.0,0.0,8.088803856269827
267,24.0,5.0,12.0,0.0,0.0,0.0,0.0,3.4049695343518
268,35.0,5.0,12.0,0.0,0.0,0.0,1.0,5.902510479092804
269,27.0,3.0,15.0,1.0,0.0,0.0,0.0,3.2162046222298075
270,33.0,3.0,15.0,1.0,0.0,0.0,1.0,5.679525430805659
271,31.0,2.0,8.0,1.0,1.0,1.0,2.0,5.571719637977457
272,30.0,2.0,4.0,1.0,1.0,1.0,1.0,5.206916936551494
273,29.0,5.0,18.0,0.0,0.0,1.0,1.0,6.830564178909904
274,39.0,3.0,14.0,1.0,1.0,1.0,1.0,8.071014888832504
275,26.0,5.0,19.0,1.0,1.0,0.0,0.0,7.6730092918500326
276,31.0,3.0,13.0,0.0,0.0,1.0,2.0,4.9993240648333765
277,33.0,6.0,12.0,1.0,1.0,1.0,1.0,10.0
278,25.0,5.0,5.0,0.0,1.0,1.0,1.0,5.06474811279937
279,35.0,3.0,15.0,0.0,1.0,1.0,2.0,7.3059395897199515
280,35.0,4.0,22.0,0.0,0.0,1.0,1.0,7.011317364190259
281,39.0,4.0,23.0,1.0,0.0,0.0,1.0,7.871550981659974
282,33.0,3.0,11.0,0.0,1.0,1.0,1.0,5.359488987392115
283,28.0,4.0,18.0,0.0,0.0,1.0,0.0,4.883417460302056
284,31.0,5.0,11.0,0.0,0.0,0.0,1.0,4.901833563108201
285,33.0,4.0,20.0,0.0,0.0,0.0,1.0,6.075177770450689
286,29.0,3.0,12.0,1.0,0.0,1.0,2.0,5.31709449757913
287,31.0,4.0,19.0,0.0,1.0,0.0,2.0,7.113283004620376
288,27.0,4.0,18.0,0.0,0.0,0.0,1.0,4.204532711904147
289,31.0,3.0,6.0,0.0,0.0,0.0,1.0,3.5103168934529627
290,22.0,5.0,22.0,1.0,0.0,1.0,1.0,7.422078896878393
291,24.0,5.0,12.0,0.0,1.0,1.0,0.0,5.355970141310704
292,26.0,3.0,17.0,1.0,0.0,0.0,2.0,3.8313290704739273
293,24.0,4.0,11.0,0.0,1.0,0.0,1.0,3.639889519149692
294,26.0,5.0,10.0,0.0,0.0,1.0,1.0,4.472345191119525
295,36.0,3.0,7.0,0.0,0.0,0.0,1.0,3.2891119109836318
296,27.0,3.0,12.0,0.0,0.0,0.0,1.0,3.3017039507505164
297,25.0,7.0,11.0,1.0,0.0,0.0,1.0,5.398049514175152
298,27.0,2.0,19.0,0.0,1.0,1.0,0.0,6.141528264397153
299,24.0,3.0,12.0,0.0,0.0,1.0,1.0,5.211827014032448
300,30.0,5.0,18.0,0.0,0.0,0.0,1.0,4.058169509104712
301,37.0,2.0,16.0,1.0,0.0,0.0,0.0,4.5135848727216095
302,27.0,2.0,5.0,0.0,1.0,0.0,1.0,2.898580395644565
303,29.0,4.0,14.0,0.0,0.0,1.0,0.0,5.710059601399801
304,36.0,5.0,17.0,1.0,0.0,1.0,1.0,6.844921777192827
305,34.0,5.0,16.0,1.0,1.0,1.0,1.0,8.36595528814623
306,27.0,5.0,21.0,0.0,0.0,1.0,1.0,5.892870732548306
307,32.0,3.0,12.0,0.0,1.0,0.0,1.0,4.744710091484367
308,31.0,4.0,17.0,1.0,0.0,0.0,2.0,5.774987479281362
309,21.0,4.0,10.0,0.0,0.0,1.0,1.0,4.225098845752594
310,36.0,5.0,11.0,0.0,0.0,1.0,2.0,7.757440368470064
311,29.0,3.0,13.0,1.0,0.0,0.0,2.0,3.538313010582043
312,31.0,5.0,21.0,1.0,0.0,1.0,2.0,6.875625927526041
313,32.0,3.0,12.0,1.0,0.0,0.0,1.0,4.541350555572228
314,28.0,5.0,7.0,0.0,0.0,1.0,0.0,6.5246173459967025
315,30.0,5.0,13.0,1.0,0.0,0.0,1.0,5.634224194729135
316,33.0,5.0,10.0,1.0,0.0,1.0,2.0,5.744842205533335
317,34.0,3.0,11.0,1.0,0.0,1.0,1.0,5.116824751512787
318,21.0,3.0,12.0,0.0,0.0,1.0,1.0,4.152219457917395
319,32.0,4.0,17.0,0.0,0.0,0.0,1.0,5.191704318880122
320,29.0,1.0,11.0,0.0,0.0,1.0,0.0,3.6963648723464653
321,26.0,5.0,14.0,1.0,1.0,1.0,0.0,6.3294678743606925
322,23.0,4.0,16.0,0.0,0.0,1.0,1.0,4.657930454589938
323,36.0,2.0,12.0,0.0,0.0,0.0,0.0,4.694263129351485
324,31.0,5.0,10.0,1.0,0.0,1.0,1.0,5.396610524213888
325,27.0,5.0,17.0,0.0,1.0,1.0,2.0,7.976391295997226
326,33.0,4.0,7.0,1.0,0.0,0.0,0.0,4.29716011375187
327,31.0,4.0,14.0,0.0,1.0,1.0,1.0,6.863632358590675
328,31.0,4.0,20.0,0.0,0.0,0.0,1.0,5.616688197211725
329,32.0,3.0,12.0,0.0,0.0,0.0,0.0,4.287205444586464
330,26.0,5.0,16.0,0.0,0.0,1.0,1.0,6.481481707186774
331,35.0,6.0,14.0,0.0,0.0,1.0,1.0,7.276224577200187
332,31.0,5.0,13.0,0.0,0.0,1.0,1.0,6.1337655745409165
333,24.0,6.0,11.0,0.0,0.0,1.0,2.0,4.791588985756009
334,24.0,4.0,21.0,0.0,0.0,0.0,1.0,4.550435123483273
335,34.0,4.0,15.0,0.0,0.0,1.0,1.0,5.546813735906325
336,32.0,4.0,12.0,0.0,0.0,0.0,0.0,4.458804989561866
337,28.0,5.0,14.0,1.0,1.0,1.0,1.0,7.353342407101188
338,27.0,3.0,16.0,1.0,0.0,1.0,1.0,4.603423528476102
339,35.0,5.0,10.0,0.0,0.0,1.0,1.0,6.313144159857857
340,29.0,5.0,14.0,0.0,1.0,1.0,1.0,7.691601198196997
341,22.0,2.0,7.0,1.0,0.0,0.0,1.0,0.0
342,32.0,5.0,16.0,1.0,0.0,0.0,1.0,7.489184849605517
343,33.0,2.0,16.0,1.0,0.0,1.0,2.0,5.366838297250677
344,37.0,5.0,6.0,1.0,0.0,1.0,2.0,7.137640533532379
345,37.0,3.0,16.0,1.0,0.0,1.0,1.0,7.029780771830927
346,32.0,3.0,13.0,0.0,0.0,1.0,1.0,5.376029517302254
347,27.0,3.0,11.0,0.0,0.0,1.0,1.0,3.8982435277381917
348,33.0,3.0,11.0,0.0,1.0,1.0,1.0,5.865082483434875
349,35.0,2.0,14.0,0.0,1.0,1.0,1.0,7.160146928341276
350,27.0,4.0,16.0,1.0,0.0,0.0,1.0,4.08059253218188
351,27.0,4.0,11.0,1.0,0.0,1.0,0.0,5.548081082578739
352,30.0,3.0,20.0,0.0,0.0,0.0,2.0,5.86489770286796
353,27.0,2.0,6.0,1.0,0.0,1.0,0.0,2.420166031283493
354,36.0,3.0,23.0,0.0,1.0,1.0,2.0,8.247105213734446
355,33.0,5.0,12.0,1.0,0.0,0.0,2.0,5.316138272429974
356,30.0,2.0,10.0,1.0,0.0,1.0,1.0,3.305506393101718
357,24.0,5.0,19.0,1.0,1.0,0.0,1.0,6.029785541105914
358,22.0,4.0,19.0,0.0,1.0,1.0,1.0,6.0957801108541485
359,24.0,4.0,25.0,0.0,0.0,1.0,0.0,5.08644039068381
360,32.0,4.0,3.0,1.0,0.0,0.0,1.0,4.208656452246967
361,29.0,3.0,13.0,1.0,1.0,0.0,1.0,5.422394806326325
362,34.0,6.0,16.0,1.0,1.0,1.0,1.0,9.287618113134652
363,27.0,5.0,7.0,0.0,0.0,0.0,1.0,3.793378504864706
364,31.0,6.0,8.0,0.0,0.0,0.0,1.0,5.183204813479173
365,22.0,3.0,21.0,0.0,1.0,0.0,1.0,4.407643654148127
366,31.0,4.0,11.0,0.0,1.0,0.0,2.0,5.016476870307644
367,32.0,5.0,18.0,0.0,0.0,1.0,1.0,7.516489123565826
368,26.0,3.0,16.0,0.0,1.0,1.0,1.0,5.9383105031627315
369,24.0,5.0,15.0,0.0,0.0,1.0,1.0,5.093872422447469
370,25.0,3.0,16.0,0.0,0.0,0.0,2.0,3.630333731267143
371,29.0,4.0,8.0,0.0,0.0,0.0,1.0,2.0489654436972
372,34.0,4.0,19.0,1.0,0.0,1.0,2.0,7.854347722006983
373,30.0,5.0,15.0,0.0,1.0,0.0,1.0,6.442424558302326
374,30.0,4.0,6.0,0.0,0.0,0.0,1.0,2.882823312963889
375,36.0,5.0,18.0,1.0,1.0,0.0,0.0,7.475092481893142
376,28.0,5.0,10.0,1.0,0.0,1.0,1.0,5.716252890122451
377,30.0,3.0,19.0,0.0,0.0,0.0,1.0,5.38765737932265
378,26.0,4.0,13.0,0.0,0.0,1.0,1.0,4.949083710890096
379,28.0,3.0,17.0,0.0,0.0,0.0,1.0,4.660654978671054
380,32.0,4.0,6.0,1.0,0.0,0.0,1.0,4.261497999670751
381,30.0,5.0,11.0,0.0,0.0,1.0,1.0,6.495132946843328
382,31.0,5.0,18.0,1.0,0.0,1.0,0.0,8.037345032326677
383,24.0,2.0,19.0,0.0,0.0,1.0,1.0,4.304987793088954
384,31.0,5.0,13.0,1.0,0.0,0.0,2.0,4.704495756866267
385,31.0,4.0,12.0,0.0,0.0,0.0,1.0,5.079589468446749
386,29.0,4.0,18.0,1.0,1.0,1.0,1.0,6.529467258765652
387,29.0,3.0,10.0,1.0,1.0,0.0,0.0,4.756432673516119
388,27.0,3.0,13.0,0.0,1.0,0.0,1.0,4.5273878488201555
389,30.0,3.0,13.0,1.0,0.0,0.0,2.0,4.493937683552742
390,27.0,6.0,13.0,1.0,1.0,1.0,0.0,7.818092548751251
391,32.0,3.0,17.0,0.0,0.0,1.0,1.0,6.174217724800343
392,36.0,4.0,17.0,1.0,1.0,0.0,1.0,7.308738238808971
393,45.0,3.0,13.0,1.0,0.0,0.0,1.0,7.02869772752611
394,36.0,4.0,16.0,1.0,1.0,0.0,1.0,7.346496584786978
395,31.0,4.0,15.0,0.0,1.0,0.0,1.0,7.525779459213775
396,31.0,2.0,12.0,0.0,0.0,0.0,1.0,2.9775242745260018
397,34.0,5.0,12.0,0.0,1.0,1.0,1.0,8.566827367637268
398,30.0,4.0,6.0,0.0,1.0,0.0,1.0,4.157180902493448
399,32.0,4.0,7.0,0.0,1.0,1.0,1.0,6.020909644159423
400,34.0,5.0,15.0,0.0,0.0,1.0,2.0,6.468012518042555
401,39.0,4.0,12.0,0.0,0.0,0.0,2.0,6.087702520998414
402,31.0,6.0,16.0,1.0,1.0,1.0,2.0,9.335777729074591
403,25.0,3.0,11.0,1.0,1.0,0.0,1.0,4.672097385218988
404,28.0,4.0,4.0,0.0,0.0,1.0,1.0,4.713705809720909
405,24.0,4.0,19.0,1.0,1.0,0.0,1.0,5.411392485336975
406,26.0,5.0,8.0,0.0,0.0,0.0,1.0,3.8580304703803243
407,30.0,3.0,12.0,0.0,0.0,0.0,1.0,3.551621781466775
408,29.0,5.0,12.0,0.0,0.0,1.0,1.0,5.335812743453338
409,33.0,3.0,20.0,1.0,0.0,1.0,1.0,7.087531844733151
410,27.0,4.0,4.0,0.0,1.0,1.0,1.0,4.769351502435723
411,30.0,3.0,11.0,1.0,1.0,1.0,0.0,5.802106748895827
412,34.0,5.0,5.0,0.0,0.0,1.0,2.0,4.658707858023133
413,34.0,4.0,13.0,1.0,1.0,1.0,1.0,8.062678852481135
414,27.0,4.0,16.0,1.0,1.0,0.0,1.0,6.6599374487905365
415,23.0,3.0,16.0,1.0,0.0,0.0,1.0,3.969404425729466
416,26.0,3.0,9.0,0.0,0.0,1.0,2.0,4.1147804408475706
417,28.0,5.0,12.0,1.0,1.0,1.0,0.0,7.495992877210517
418,37.0,4.0,12.0,1.0,1.0,0.0,1.0,7.626896860663831
419,30.0,3.0,14.0,0.0,0.0,1.0,1.0,5.171257869223075
420,26.0,3.0,12.0,1.0,0.0,0.0,2.0,4.221217482772003
421,28.0,5.0,17.0,1.0,0.0,0.0,1.0,5.973267182738925
422,30.0,3.0,13.0,0.0,0.0,1.0,1.0,4.904643312861873
423,37.0,5.0,18.0,0.0,0.0,1.0,2.0,8.542666565452658
424,22.0,3.0,7.0,0.0,1.0,1.0,1.0,3.69085921393738
425,30.0,5.0,19.0,0.0,0.0,1.0,1.0,6.687376334278322
426,33.0,5.0,26.0,1.0,1.0,1.0,2.0,9.314867454960485
427,35.0,4.0,7.0,1.0,1.0,1.0,2.0,8.646961003781138
428,32.0,5.0,9.0,0.0,1.0,0.0,1.0,6.3146721356990865
429,20.0,4.0,12.0,1.0,1.0,1.0,1.0,5.355893894606263
430,28.0,5.0,7.0,1.0,0.0,0.0,1.0,4.658638524781367
431,31.0,5.0,13.0,0.0,0.0,0.0,2.0,5.671803582794351
432,26.0,3.0,12.0,0.0,1.0,0.0,1.0,5.895806045800909
433,28.0,4.0,14.0,1.0,0.0,0.0,1.0,5.615400900885601
434,30.0,5.0,15.0,0.0,0.0,1.0,1.0,5.255336156250851
435,27.0,4.0,5.0,1.0,0.0,1.0,2.0,4.1990830820442895
436,31.0,4.0,12.0,0.0,1.0,0.0,2.0,6.023474160042159
437,34.0,4.0,7.0,1.0,0.0,1.0,1.0,6.883960557810161
438,23.0,2.0,8.0,1.0,0.0,1.0,0.0,3.3819305804258106
439,28.0,4.0,14.0,0.0,0.0,0.0,2.0,4.6952774913005015
440,25.0,5.0,8.0,0.0,0.0,0.0,1.0,3.8347535998659854
441,34.0,3.0,15.0,1.0,0.0,1.0,1.0,5.913434615793156
442,26.0,6.0,18.0,0.0,1.0,1.0,1.0,6.824317041124791
443,25.0,4.0,2.0,0.0,0.0,0.0,2.0,3.439367849793878
444,32.0,4.0,13.0,1.0,0.0,1.0,1.0,6.885621627455469
445,34.0,4.0,17.0,1.0,0.0,0.0,1.0,6.3447634081564415
446,33.0,5.0,14.0,0.0,0.0,1.0,1.0,7.082621931444487
447,27.0,4.0,12.0,1.0,0.0,1.0,1.0,4.831898415605805
448,30.0,5.0,7.0,0.0,0.0,1.0,0.0,4.730231948533942
449,24.0,4.0,9.0,1.0,0.0,0.0,2.0,3.779521338081307
450,34.0,3.0,15.0,1.0,0.0,0.0,2.0,5.418468088775844
451,31.0,3.0,18.0,1.0,1.0,0.0,1.0,6.52295518815733
452,28.0,2.0,14.0,0.0,0.0,1.0,0.0,4.353580519393727
453,33.0,3.0,16.0,0.0,0.0,1.0,1.0,5.573357336939248
454,33.0,4.0,10.0,1.0,0.0,0.0,1.0,4.78680897134403
455,36.0,6.0,18.0,1.0,0.0,1.0,1.0,8.177780434817942
456,28.0,4.0,19.0,1.0,0.0,1.0,0.0,6.027927586128508
457,26.0,4.0,14.0,1.0,0.0,0.0,1.0,3.14248826446892
458,29.0,3.0,12.0,1.0,0.0,1.0,2.0,5.124174466512994
459,28.0,5.0,15.0,0.0,1.0,0.0,1.0,7.65904921752696
460,30.0,5.0,18.0,1.0,1.0,1.0,1.0,8.15547904263397
461,36.0,4.0,11.0,0.0,0.0,1.0,2.0,7.091904654556757
462,36.0,4.0,9.0,0.0,0.0,1.0,1.0,5.572126027200841
463,29.0,5.0,11.0,0.0,0.0,0.0,1.0,4.98643880194992
464,33.0,4.0,14.0,0.0,0.0,1.0,1.0,4.844329198784988
465,33.0,3.0,15.0,1.0,0.0,0.0,0.0,4.5340445921838
466,29.0,3.0,8.0,0.0,0.0,1.0,1.0,4.766582581350454
467,35.0,6.0,16.0,0.0,0.0,1.0,2.0,8.505228890180774
468,31.0,3.0,18.0,0.0,1.0,1.0,1.0,6.785660931820809
469,30.0,3.0,13.0,1.0,0.0,1.0,1.0,4.802098574695016
470,26.0,6.0,22.0,0.0,1.0,1.0,1.0,7.668567963627551
471,28.0,4.0,17.0,1.0,0.0,0.0,1.0,5.376374897332042
472,32.0,3.0,16.0,1.0,0.0,0.0,1.0,5.741518345496998
473,31.0,3.0,8.0,0.0,0.0,0.0,1.0,3.679977135593426
474,24.0,4.0,14.0,1.0,0.0,0.0,1.0,4.2374413028439015
475,30.0,3.0,7.0,1.0,1.0,1.0,1.0,5.745128584453537
476,26.0,4.0,15.0,0.0,1.0,1.0,1.0,5.738733296564836
477,31.0,4.0,11.0,1.0,1.0,1.0,1.0,7.12608833538812
478,27.0,4.0,12.0,1.0,0.0,1.0,1.0,5.356781583296464
479,29.0,1.0,10.0,1.0,1.0,0.0,2.0,3.502412407079432
480,36.0,4.0,7.0,1.0,1.0,0.0,1.0,5.595162895824993
481,31.0,5.0,16.0,0.0,1.0,1.0,1.0,6.700192816535717
482,30.0,4.0,10.0,0.0,0.0,1.0,1.0,4.55930613589526
483,27.0,4.0,14.0,1.0,0.0,1.0,1.0,5.418620770307876
484,34.0,5.0,9.0,1.0,0.0,0.0,1.0,5.769431796409343
485,32.0,4.0,17.0,0.0,0.0,0.0,1.0,5.179533568007137
486,35.0,3.0,11.0,1.0,0.0,0.0,0.0,4.159552855075255
487,25.0,3.0,13.0,0.0,0.0,0.0,1.0,3.1616711541793703
488,28.0,2.0,9.0,0.0,1.0,0.0,2.0,3.3234223138318053
489,36.0,5.0,8.0,0.0,1.0,0.0,2.0,5.327719395718009
490,33.0,4.0,11.0,0.0,0.0,0.0,0.0,4.578879088036177
491,30.0,4.0,18.0,1.0,1.0,1.0,1.0,7.244287655701325
492,26.0,3.0,15.0,0.0,0.0,1.0,1.0,5.168074857087719
493,34.0,2.0,13.0,0.0,1.0,0.0,0.0,5.342823648670023
494,32.0,6.0,10.0,0.0,0.0,0.0,1.0,5.899655121410657
495,33.0,4.0,15.0,0.0,1.0,1.0,2.0,8.326972583304812
496,26.0,2.0,6.0,0.0,0.0,1.0,2.0,1.6198625559325617
497,38.0,5.0,6.0,1.0,0.0,1.0,1.0,7.257543247746918
498,24.0,4.0,14.0,1.0,1.0,0.0,1.0,5.699425000603859
499,35.0,4.0,16.0,1.0,0.0,1.0,2.0,6.955693925203043
500,27.0,4.0,7.0,0.0,0.0,1.0,1.0,4.481220276139975
501,24.0,4.0,9.0,1.0,0.0,0.0,1.0,4.312448325123498
502,28.0,4.0,15.0,1.0,0.0,0.0,1.0,5.883118297953107
503,20.0,4.0,15.0,0.0,0.0,1.0,0.0,3.6215404086875895
504,25.0,5.0,14.0,1.0,0.0,1.0,1.0,6.781134517886889
505,26.0,3.0,18.0,1.0,1.0,0.0,1.0,5.889965243377524
506,36.0,4.0,12.0,1.0,0.0,1.0,0.0,6.479529296551628
507,34.0,2.0,15.0,0.0,0.0,0.0,1.0,4.682290980464805
508,25.0,6.0,13.0,0.0,1.0,0.0,1.0,6.673727229389705
509,36.0,3.0,21.0,0.0,0.0,1.0,1.0,6.587843638967853
510,35.0,4.0,18.0,0.0,1.0,1.0,2.0,7.369667674988383
511,35.0,3.0,9.0,0.0,1.0,1.0,1.0,5.601399114575375
512,24.0,2.0,10.0,1.0,0.0,0.0,1.0,3.029474516542507
513,18.0,4.0,20.0,1.0,0.0,0.0,1.0,3.9930096110417965
514,29.0,4.0,21.0,0.0,0.0,1.0,1.0,6.641074891153405
515,30.0,4.0,20.0,1.0,0.0,1.0,1.0,6.367226080889388
516,30.0,5.0,18.0,0.0,0.0,0.0,1.0,6.001883437895933
517,35.0,4.0,16.0,1.0,0.0,1.0,1.0,7.79042414897238
518,28.0,4.0,10.0,0.0,0.0,1.0,1.0,5.264856264251787
519,30.0,6.0,15.0,0.0,0.0,0.0,1.0,6.539365672926527
520,29.0,2.0,11.0,1.0,1.0,0.0,1.0,5.152067208029534
521,25.0,6.0,8.0,0.0,0.0,1.0,1.0,5.56105929685654
522,27.0,2.0,8.0,1.0,0.0,1.0,1.0,3.364314813583618
523,27.0,5.0,9.0,0.0,0.0,1.0,1.0,4.224829645700197
524,29.0,4.0,19.0,0.0,0.0,1.0,0.0,6.538328824406792
525,27.0,4.0,11.0,0.0,0.0,0.0,1.0,3.8907432956179644
526,30.0,3.0,7.0,1.0,1.0,0.0,2.0,5.558029888800901
527,33.0,4.0,12.0,1.0,1.0,0.0,1.0,7.278292877849624
528,27.0,4.0,11.0,0.0,1.0,1.0,0.0,6.2559645135927
529,29.0,6.0,9.0,1.0,0.0,0.0,1.0,5.853358267598048
530,35.0,6.0,10.0,0.0,1.0,1.0,1.0,8.501357188654374
531,26.0,4.0,7.0,0.0,0.0,1.0,1.0,5.211198612461597
532,27.0,2.0,12.0,1.0,1.0,1.0,0.0,5.145247337620301
533,31.0,6.0,11.0,1.0,0.0,0.0,1.0,6.5844228900415205
534,33.0,6.0,11.0,0.0,1.0,0.0,1.0,7.071590122032501
535,28.0,6.0,18.0,1.0,0.0,0.0,1.0,6.324747131445975
536,32.0,2.0,21.0,0.0,0.0,1.0,1.0,5.683771762060308
537,29.0,4.0,14.0,1.0,1.0,0.0,1.0,5.876706347911757
538,32.0,3.0,18.0,0.0,1.0,1.0,2.0,7.330250022765023
539,42.0,4.0,5.0,1.0,1.0,1.0,1.0,7.197588583846021
540,33.0,4.0,15.0,0.0,1.0,1.0,2.0,7.957509557840336
541,29.0,5.0,17.0,1.0,0.0,0.0,0.0,5.676997186786296
542,28.0,4.0,16.0,0.0,1.0,1.0,0.0,5.566425254803008
543,34.0,4.0,14.0,1.0,0.0,1.0,2.0,7.0817709591606155
544,39.0,5.0,14.0,0.0,0.0,1.0,2.0,7.80408351676673
545,23.0,4.0,10.0,0.0,0.0,0.0,2.0,3.059739778056593
546,31.0,4.0,15.0,1.0,0.0,1.0,1.0,6.5463217210923474
547,27.0,3.0,16.0,0.0,1.0,1.0,1.0,4.967028560220782
548,32.0,3.0,16.0,0.0,0.0,0.0,1.0,4.892179462572294
549,31.0,2.0,14.0,0.0,1.0,0.0,1.0,5.706672789059658
550,21.0,4.0,10.0,1.0,1.0,0.0,1.0,4.293698803854667
551,29.0,4.0,8.0,1.0,0.0,1.0,1.0,4.850987409439866
552,24.0,4.0,10.0,1.0,0.0,1.0,1.0,4.222627160499479
553,28.0,2.0,8.0,1.0,0.0,0.0,1.0,3.1307510321366023
554,34.0,3.0,20.0,0.0,0.0,0.0,1.0,6.097570740820842
555,21.0,5.0,8.0,1.0,0.0,1.0,2.0,5.315320914268017
556,32.0,6.0,9.0,0.0,0.0,0.0,1.0,5.928403388733724
557,32.0,2.0,15.0,1.0,0.0,0.0,2.0,4.811331542976939
558,31.0,3.0,11.0,0.0,0.0,1.0,1.0,5.690728528818962
559,33.0,4.0,14.0,0.0,1.0,0.0,1.0,5.818215113795978
560,25.0,3.0,24.0,1.0,1.0,1.0,1.0,7.218114341555875
561,25.0,5.0,14.0,0.0,1.0,0.0,1.0,5.448401923980832
562,34.0,4.0,19.0,0.0,0.0,1.0,1.0,7.314894361473243
563,24.0,4.0,10.0,1.0,0.0,0.0,1.0,4.178455676182509
564,26.0,5.0,12.0,1.0,1.0,1.0,1.0,7.235161662568457
565,34.0,3.0,11.0,0.0,0.0,0.0,0.0,4.469395525040518
566,24.0,3.0,9.0,0.0,0.0,0.0,2.0,3.235147532138487
567,27.0,4.0,11.0,1.0,0.0,1.0,1.0,4.762347133536645
568,22.0,3.0,8.0,0.0,0.0,0.0,0.0,3.042368761601355
569,25.0,3.0,11.0,0.0,1.0,1.0,0.0,5.9084905446860825
570,28.0,4.0,19.0,0.0,0.0,1.0,1.0,5.831815433786093
571,28.0,7.0,13.0,1.0,1.0,0.0,1.0,7.527692067085296
572,32.0,5.0,20.0,1.0,1.0,0.0,1.0,8.170021194472918
573,33.0,6.0,20.0,0.0,0.0,0.0,0.0,6.91579193805303
574,31.0,5.0,11.0,0.0,0.0,0.0,2.0,5.747951579971479
575,30.0,4.0,11.0,0.0,0.0,1.0,1.0,5.082884265145446
576,33.0,4.0,9.0,0.0,0.0,0.0,1.0,4.452309411744869
577,34.0,4.0,9.0,1.0,0.0,0.0,1.0,4.4874128743215635
578,22.0,4.0,17.0,0.0,1.0,1.0,1.0,4.81177611351432
579,27.0,6.0,8.0,0.0,1.0,0.0,1.0,6.088429932922834
580,34.0,5.0,15.0,0.0,1.0,0.0,1.0,7.821420802754197
581,34.0,4.0,17.0,1.0,1.0,0.0,1.0,6.28759088845123
582,21.0,5.0,15.0,0.0,0.0,1.0,1.0,5.394835544964685
583,24.0,3.0,20.0,1.0,1.0,1.0,0.0,6.3783012948825375
584,26.0,5.0,17.0,0.0,1.0,0.0,2.0,5.615720516143454
585,32.0,1.0,13.0,1.0,0.0,1.0,1.0,4.64527569274083
586,20.0,6.0,8.0,1.0,0.0,0.0,1.0,3.96036459863921
587,35.0,4.0,5.0,1.0,1.0,1.0,1.0,6.398470300185763
588,24.0,5.0,18.0,0.0,0.0,1.0,1.0,5.471176159212071
589,27.0,3.0,7.0,0.0,0.0,0.0,2.0,2.6036547363786187
590,26.0,3.0,16.0,0.0,1.0,1.0,2.0,6.160271560602965
591,33.0,6.0,16.0,0.0,1.0,1.0,0.0,7.621998719551858
592,26.0,5.0,19.0,0.0,1.0,1.0,1.0,7.36052092585793
593,31.0,3.0,15.0,1.0,1.0,1.0,1.0,7.616889790609777
594,33.0,5.0,16.0,0.0,0.0,0.0,1.0,5.9852606829638715
595,28.0,4.0,20.0,0.0,0.0,0.0,1.0,4.268097127440154
596,31.0,4.0,11.0,1.0,1.0,0.0,1.0,7.662023285061464
597,28.0,4.0,11.0,0.0,0.0,1.0,2.0,5.01063339539732
598,36.0,5.0,12.0,0.0,0.0,1.0,1.0,6.72336400378504
599,24.0,2.0,13.0,1.0,0.0,0.0,2.0,3.5650692318065813
600,32.0,4.0,16.0,0.0,0.0,1.0,2.0,6.9228084592535355
601,38.0,4.0,10.0,0.0,1.0,0.0,1.0,6.631162380541405
602,29.0,4.0,17.0,0.0,0.0,1.0,1.0,7.104390165505726
603,27.0,5.0,13.0,0.0,1.0,1.0,1.0,6.13120447770075
604,31.0,3.0,8.0,0.0,0.0,1.0,0.0,4.645283491668218
605,33.0,4.0,13.0,0.0,0.0,0.0,1.0,4.563872536650023
606,28.0,2.0,9.0,0.0,0.0,1.0,1.0,2.889501138660368
607,31.0,2.0,18.0,1.0,1.0,0.0,1.0,5.703157319379045
608,29.0,5.0,14.0,1.0,1.0,0.0,1.0,6.3785328541910875
609,28.0,4.0,11.0,1.0,1.0,1.0,0.0,6.361715649005048
610,30.0,5.0,15.0,0.0,0.0,0.0,1.0,5.046369322961709
611,34.0,4.0,17.0,0.0,0.0,1.0,1.0,7.081207859547242
612,29.0,5.0,7.0,0.0,0.0,1.0,1.0,4.403920493820912
613,30.0,3.0,11.0,1.0,1.0,1.0,1.0,6.4730070986390125
614,29.0,6.0,16.0,1.0,1.0,0.0,1.0,7.440802604800616
615,31.0,5.0,13.0,1.0,0.0,0.0,0.0,5.618292916573957
616,28.0,4.0,11.0,1.0,1.0,0.0,1.0,5.348370017381763
617,30.0,4.0,15.0,1.0,0.0,0.0,1.0,5.034602616801234
618,27.0,4.0,17.0,1.0,1.0,0.0,0.0,5.673739434186966
619,26.0,5.0,25.0,0.0,1.0,1.0,1.0,7.464769395342003
620,23.0,6.0,16.0,0.0,0.0,0.0,1.0,5.70639264965431
621,32.0,6.0,11.0,1.0,1.0,1.0,1.0,8.073543368080557
622,39.0,4.0,11.0,0.0,1.0,1.0,2.0,8.559818137243983
623,30.0,4.0,16.0,1.0,0.0,1.0,2.0,6.493085923583982
624,25.0,5.0,11.0,0.0,1.0,0.0,1.0,4.807793277537663
625,28.0,3.0,15.0,0.0,0.0,1.0,1.0,4.4022155329128925
626,26.0,3.0,13.0,1.0,0.0,1.0,2.0,4.783075176694821
627,33.0,4.0,20.0,0.0,1.0,1.0,2.0,7.881619632529006
628,37.0,4.0,18.0,1.0,1.0,0.0,2.0,8.376459518543715
629,27.0,6.0,11.0,0.0,1.0,1.0,2.0,6.172451937185666
630,29.0,3.0,13.0,0.0,0.0,0.0,2.0,4.151343556190103
631,26.0,4.0,21.0,1.0,0.0,0.0,1.0,4.332926656172971
632,25.0,4.0,11.0,0.0,0.0,1.0,1.0,3.767413490427789
633,28.0,4.0,12.0,0.0,0.0,0.0,2.0,3.0494015651005673
634,36.0,4.0,13.0,0.0,1.0,0.0,0.0,5.482852306863347
635,34.0,3.0,11.0,0.0,1.0,0.0,0.0,5.378202357681318
636,23.0,3.0,14.0,0.0,0.0,0.0,0.0,2.475859271008642
637,38.0,4.0,16.0,1.0,1.0,1.0,1.0,8.830137383148351
638,24.0,1.0,21.0,0.0,1.0,0.0,1.0,3.6856152794774326
639,36.0,3.0,12.0,0.0,1.0,1.0,2.0,6.677769451975216
640,35.0,3.0,17.0,1.0,0.0,1.0,1.0,6.6893683045838195
641,34.0,3.0,17.0,0.0,0.0,0.0,1.0,5.519463012926146
642,22.0,7.0,25.0,0.0,1.0,0.0,1.0,6.854947690359115
643,21.0,4.0,16.0,1.0,0.0,0.0,0.0,3.7970859901083482
644,30.0,3.0,17.0,0.0,1.0,1.0,2.0,6.487016591801925
645,28.0,3.0,7.0,1.0,0.0,0.0,1.0,3.52130444643829
646,28.0,4.0,18.0,1.0,0.0,0.0,1.0,4.541294495308672
647,29.0,6.0,16.0,0.0,0.0,0.0,1.0,4.6255093394457925
648,39.0,5.0,14.0,0.0,1.0,1.0,2.0,8.394044551589246
649,30.0,3.0,14.0,0.0,0.0,0.0,1.0,3.7029318602128485
650,31.0,5.0,27.0,0.0,0.0,1.0,1.0,9.035780687162127
651,20.0,3.0,10.0,0.0,1.0,1.0,1.0,4.148593778344583
652,28.0,4.0,15.0,1.0,0.0,0.0,1.0,5.103724421716757
653,30.0,2.0,7.0,0.0,0.0,1.0,1.0,4.239912823573558
654,23.0,2.0,18.0,1.0,1.0,0.0,1.0,4.349663267024788
655,31.0,4.0,4.0,1.0,1.0,0.0,1.0,4.521388930718041
656,27.0,4.0,11.0,1.0,1.0,1.0,1.0,6.381562559955447
657,29.0,4.0,8.0,0.0,0.0,1.0,1.0,4.731424079675374
658,36.0,4.0,10.0,0.0,1.0,0.0,1.0,5.798544934513193
659,25.0,2.0,16.0,0.0,1.0,1.0,2.0,5.2611868912117385
660,31.0,4.0,13.0,1.0,0.0,0.0,1.0,5.161412019439595
661,29.0,3.0,13.0,1.0,0.0,1.0,1.0,6.05942244053386
662,31.0,5.0,15.0,0.0,1.0,0.0,1.0,6.179958851958802
663,27.0,4.0,9.0,0.0,0.0,0.0,1.0,4.614705397768834
664,40.0,4.0,15.0,0.0,1.0,0.0,1.0,8.227953808259281
665,29.0,5.0,18.0,1.0,1.0,1.0,1.0,7.040150782248358
666,24.0,4.0,13.0,0.0,0.0,0.0,2.0,4.5086017832257905
667,29.0,5.0,15.0,0.0,1.0,0.0,1.0,6.442445049440457
668,32.0,5.0,21.0,0.0,0.0,0.0,2.0,7.2491294077643476
669,22.0,4.0,18.0,1.0,1.0,0.0,2.0,5.9122167547876
670,29.0,5.0,12.0,0.0,0.0,0.0,2.0,4.025904212017491
671,35.0,6.0,15.0,0.0,0.0,1.0,1.0,7.00477465388995
672,33.0,5.0,6.0,0.0,0.0,0.0,1.0,5.23255487480875
673,30.0,2.0,11.0,1.0,0.0,0.0,1.0,2.151880199184305
674,35.0,3.0,11.0,0.0,1.0,1.0,1.0,6.017209025285896
675,33.0,2.0,14.0,1.0,0.0,0.0,1.0,4.912015158560861
676,25.0,3.0,14.0,0.0,0.0,1.0,2.0,4.798441804637746
677,28.0,4.0,14.0,0.0,0.0,1.0,2.0,5.607781276950732
678,32.0,4.0,14.0,0.0,1.0,0.0,0.0,5.34663191477104
679,27.0,4.0,13.0,1.0,0.0,0.0,1.0,4.406793167694434
680,40.0,4.0,8.0,1.0,0.0,0.0,1.0,5.569407787787675
681,23.0,4.0,11.0,1.0,0.0,1.0,1.0,5.16941689856112
682,32.0,4.0,8.0,0.0,1.0,0.0,2.0,4.492927532713814
683,32.0,3.0,19.0,1.0,0.0,0.0,1.0,5.022804186746414
684,32.0,7.0,13.0,1.0,1.0,1.0,1.0,9.310600193925758
685,33.0,4.0,12.0,0.0,0.0,1.0,2.0,6.386184545939042
686,33.0,5.0,12.0,0.0,0.0,0.0,1.0,5.396341982727369
687,39.0,3.0,17.0,0.0,0.0,1.0,1.0,7.12627363672825
688,31.0,4.0,14.0,1.0,0.0,0.0,1.0,5.665935851777008
689,29.0,5.0,12.0,1.0,0.0,0.0,1.0,3.9590814906496767
690,23.0,3.0,17.0,0.0,0.0,1.0,0.0,4.277811522319678
691,37.0,4.0,14.0,0.0,1.0,0.0,2.0,7.951735310492783
692,20.0,4.0,10.0,1.0,1.0,1.0,1.0,4.7261755609532745
693,28.0,1.0,21.0,0.0,0.0,0.0,1.0,3.576927448421994
694,36.0,5.0,13.0,0.0,0.0,1.0,1.0,7.652311254059388
695,33.0,5.0,14.0,1.0,1.0,0.0,1.0,7.104503160449744
696,28.0,4.0,18.0,0.0,0.0,0.0,1.0,3.1619475660607277
697,36.0,5.0,14.0,1.0,1.0,0.0,2.0,7.535058966080795
698,26.0,3.0,12.0,0.0,1.0,0.0,1.0,4.045839253463848
699,28.0,5.0,20.0,0.0,0.0,1.0,1.0,6.946342974857208
700,30.0,5.0,18.0,0.0,0.0,1.0,1.0,6.853841675273108
701,40.0,4.0,17.0,0.0,1.0,0.0,1.0,8.452070493170345
702,32.0,4.0,21.0,0.0,1.0,0.0,1.0,6.856262748716191
703,27.0,2.0,9.0,0.0,0.0,1.0,1.0,4.025776172997654
704,31.0,3.0,14.0,0.0,1.0,0.0,0.0,5.028797960132926
705,25.0,4.0,12.0,0.0,0.0,0.0,1.0,4.257604416518481
706,31.0,3.0,13.0,0.0,1.0,1.0,1.0,5.999446355260541
707,29.0,5.0,9.0,1.0,0.0,0.0,1.0,5.440288359306451
708,35.0,6.0,8.0,0.0,1.0,0.0,2.0,7.205358029518313
709,34.0,3.0,16.0,0.0,1.0,1.0,1.0,7.186332836347138
710,21.0,3.0,12.0,0.0,0.0,1.0,1.0,3.3433833687540675
711,31.0,4.0,11.0,0.0,1.0,1.0,1.0,7.219404888950299
712,28.0,5.0,11.0,1.0,0.0,1.0,1.0,6.0676160980121905
713,33.0,4.0,13.0,0.0,0.0,0.0,0.0,5.092909707528724
714,36.0,4.0,6.0,0.0,1.0,1.0,2.0,7.195352658431489
715,21.0,4.0,15.0,1.0,0.0,0.0,1.0,3.7074770944590183
716,32.0,4.0,11.0,1.0,0.0,1.0,2.0,5.990805646546123
717,41.0,3.0,11.0,0.0,0.0,0.0,0.0,5.659578080011262
718,32.0,2.0,21.0,1.0,1.0,0.0,1.0,6.539889657018781
719,30.0,4.0,6.0,0.0,1.0,1.0,1.0,5.674212754397428
720,22.0,3.0,17.0,0.0,0.0,0.0,0.0,3.376014150407327
721,34.0,3.0,19.0,1.0,0.0,0.0,0.0,5.603268103393272
722,27.0,3.0,15.0,1.0,0.0,1.0,1.0,4.2321248997390235
723,29.0,4.0,8.0,0.0,0.0,0.0,1.0,3.4753976783390366
724,33.0,4.0,11.0,0.0,0.0,0.0,2.0,3.389991333457019
725,21.0,4.0,9.0,0.0,0.0,1.0,2.0,4.143905870942789
726,31.0,4.0,15.0,0.0,0.0,0.0,1.0,4.9634852239395
727,28.0,5.0,10.0,0.0,0.0,1.0,2.0,4.542343960843528
728,33.0,6.0,9.0,0.0,0.0,0.0,1.0,4.78168735025473
729,34.0,3.0,13.0,0.0,0.0,0.0,2.0,4.924381004883856
730,31.0,4.0,19.0,0.0,1.0,1.0,0.0,6.829987096154523
731,28.0,5.0,7.0,1.0,0.0,1.0,2.0,4.450208756537854
732,25.0,6.0,17.0,0.0,0.0,1.0,1.0,6.362870171013623
733,26.0,4.0,17.0,0.0,0.0,1.0,1.0,6.428599273550681
734,33.0,4.0,15.0,1.0,0.0,1.0,0.0,6.31772350867297
735,31.0,5.0,9.0,1.0,0.0,1.0,2.0,5.644100848711059
736,28.0,4.0,8.0,1.0,0.0,1.0,1.0,5.744454342056644
737,35.0,4.0,11.0,0.0,1.0,1.0,1.0,7.147311731999693
738,29.0,3.0,12.0,1.0,0.0,1.0,1.0,5.574015952494231
739,36.0,3.0,9.0,1.0,0.0,1.0,1.0,6.089427050940304
740,25.0,4.0,16.0,1.0,0.0,0.0,1.0,4.561025944949738
741,38.0,3.0,18.0,1.0,0.0,1.0,1.0,7.2082063908611085
742,34.0,3.0,11.0,0.0,1.0,0.0,1.0,5.9774117490278105
743,23.0,5.0,18.0,0.0,1.0,1.0,1.0,6.420557810054294
744,25.0,5.0,6.0,0.0,0.0,1.0,1.0,4.190433655497568
745,30.0,4.0,13.0,0.0,1.0,1.0,1.0,6.4756975514348145
746,27.0,3.0,10.0,1.0,1.0,1.0,1.0,5.167019675517456
747,36.0,2.0,10.0,0.0,0.0,0.0,1.0,3.8916811671142764
748,29.0,4.0,10.0,0.0,1.0,0.0,1.0,5.265664838527429
749,36.0,3.0,13.0,1.0,0.0,0.0,1.0,4.905211356110364
750,24.0,4.0,14.0,1.0,0.0,1.0,1.0,5.5809798319010175
751,34.0,4.0,11.0,0.0,0.0,0.0,1.0,5.132696651744966
752,34.0,4.0,6.0,0.0,0.0,1.0,1.0,4.7943090283484056
753,22.0,5.0,11.0,0.0,0.0,0.0,1.0,2.6910633950043463
754,21.0,5.0,12.0,1.0,0.0,0.0,1.0,4.826474780753994
755,34.0,5.0,18.0,1.0,0.0,1.0,1.0,8.558202560294918
756,33.0,4.0,7.0,0.0,0.0,1.0,1.0,4.753334563694636
757,28.0,4.0,9.0,0.0,0.0,0.0,2.0,4.239882422013235
758,24.0,3.0,11.0,0.0,1.0,1.0,2.0,4.245251658217814
759,29.0,3.0,21.0,0.0,1.0,0.0,2.0,5.651755328687315
760,31.0,5.0,19.0,1.0,1.0,1.0,1.0,9.285741304126681
761,28.0,1.0,14.0,0.0,0.0,0.0,1.0,2.3740360716288107
762,28.0,5.0,13.0,1.0,1.0,0.0,2.0,7.196022930348054
763,28.0,2.0,11.0,0.0,1.0,1.0,1.0,4.659383019649315
764,36.0,3.0,13.0,0.0,1.0,1.0,1.0,6.675767554051342
765,29.0,6.0,15.0,1.0,1.0,1.0,1.0,7.480601440589224
766,35.0,5.0,10.0,1.0,1.0,1.0,2.0,7.529951595720173
767,36.0,4.0,19.0,1.0,1.0,0.0,2.0,8.224068437759517
768,34.0,4.0,13.0,0.0,0.0,0.0,2.0,5.77274047636529
769,34.0,4.0,15.0,0.0,0.0,1.0,2.0,7.743813633273863
770,29.0,2.0,14.0,0.0,1.0,1.0,2.0,5.304678130398568
771,30.0,4.0,16.0,0.0,1.0,0.0,2.0,6.742025228092624
772,26.0,3.0,10.0,1.0,0.0,0.0,1.0,2.9208561912300275
773,28.0,4.0,15.0,0.0,0.0,1.0,1.0,4.408288405570845
774,30.0,3.0,11.0,0.0,1.0,0.0,1.0,5.04961410349256
775,35.0,6.0,9.0,0.0,0.0,1.0,1.0,6.454567211536849
776,28.0,3.0,11.0,1.0,0.0,0.0,1.0,3.9420063247107757
777,34.0,5.0,9.0,1.0,0.0,0.0,2.0,6.228894100967654
778,32.0,3.0,19.0,0.0,1.0,0.0,1.0,6.762160321056508
779,30.0,5.0,9.0,0.0,0.0,1.0,1.0,5.8468938672085216
780,29.0,4.0,7.0,0.0,1.0,1.0,1.0,5.405901985763144
781,28.0,3.0,23.0,1.0,0.0,0.0,1.0,5.585241733918961
782,30.0,3.0,18.0,1.0,0.0,1.0,1.0,5.78316723283415
783,31.0,3.0,15.0,0.0,1.0,1.0,1.0,6.92885640357543
784,34.0,4.0,16.0,0.0,1.0,1.0,0.0,8.454972534769887
785,36.0,3.0,16.0,0.0,0.0,1.0,0.0,5.466305208705447
786,27.0,4.0,12.0,0.0,0.0,1.0,2.0,4.923668685983517
787,28.0,4.0,18.0,1.0,0.0,0.0,1.0,4.334187190722943
788,32.0,3.0,7.0,1.0,0.0,1.0,1.0,5.04650211831857
789,27.0,3.0,12.0,0.0,1.0,1.0,1.0,6.10794880667564
790,28.0,4.0,12.0,0.0,1.0,1.0,2.0,6.707707106822499
791,29.0,4.0,14.0,0.0,1.0,1.0,2.0,8.034145012191583
792,23.0,4.0,12.0,0.0,0.0,1.0,1.0,3.6141410826327847
793,20.0,4.0,10.0,1.0,1.0,0.0,2.0,4.885012005798986
794,22.0,3.0,19.0,0.0,0.0,0.0,1.0,2.963580793924636
795,31.0,3.0,14.0,0.0,0.0,0.0,0.0,3.9515779618924984
796,27.0,6.0,10.0,1.0,1.0,1.0,0.0,6.536970787650052
797,21.0,3.0,10.0,1.0,1.0,0.0,1.0,4.308463132565979
798,37.0,4.0,17.0,0.0,1.0,1.0,1.0,8.039016275715033
799,35.0,5.0,12.0,1.0,0.0,1.0,0.0,6.143660571212351
800,30.0,5.0,20.0,1.0,1.0,0.0,0.0,7.194000917413206
801,29.0,3.0,19.0,0.0,0.0,0.0,2.0,5.0241466365295695
802,28.0,3.0,12.0,0.0,0.0,0.0,1.0,2.995532696231181
803,30.0,5.0,12.0,0.0,0.0,1.0,1.0,5.830075156622981
804,27.0,5.0,15.0,1.0,0.0,1.0,1.0,6.54072923093204
805,28.0,4.0,16.0,1.0,0.0,1.0,1.0,6.052925336500943
806,33.0,3.0,9.0,0.0,1.0,0.0,0.0,4.8978652114046355
807,35.0,6.0,22.0,0.0,0.0,1.0,1.0,9.060675994932827
808,33.0,3.0,12.0,0.0,1.0,1.0,2.0,6.429658066124767
809,26.0,4.0,11.0,1.0,0.0,1.0,1.0,4.643242559189943
810,33.0,4.0,12.0,1.0,0.0,1.0,1.0,5.764897506470705
811,28.0,4.0,14.0,1.0,1.0,0.0,1.0,5.417698437509139
812,30.0,1.0,15.0,1.0,1.0,1.0,2.0,5.966452853789028
813,32.0,1.0,10.0,0.0,0.0,0.0,1.0,3.94445875296672
814,32.0,3.0,17.0,1.0,0.0,0.0,1.0,5.903424326794579
815,33.0,6.0,19.0,0.0,1.0,1.0,1.0,7.971248918305298
816,32.0,5.0,13.0,0.0,1.0,0.0,1.0,5.234482182737992
817,29.0,4.0,10.0,0.0,0.0,0.0,1.0,2.86468935720705
818,26.0,3.0,17.0,0.0,0.0,0.0,1.0,4.9516425992371484
819,37.0,5.0,14.0,0.0,0.0,1.0,1.0,7.898867399723557
820,34.0,5.0,11.0,0.0,0.0,0.0,1.0,5.913671715081479
821,27.0,4.0,14.0,1.0,1.0,0.0,1.0,4.346132016526878
822,29.0,4.0,17.0,1.0,0.0,1.0,1.0,5.93757209749181
823,28.0,2.0,13.0,0.0,1.0,1.0,2.0,5.629748937179115
824,34.0,4.0,5.0,0.0,1.0,1.0,1.0,6.2655875464257775
825,26.0,4.0,13.0,1.0,0.0,1.0,1.0,6.027762785293177
826,24.0,5.0,17.0,0.0,0.0,1.0,1.0,5.472987116390619
827,34.0,4.0,11.0,0.0,0.0,1.0,1.0,4.233757540747577
828,33.0,3.0,14.0,1.0,0.0,1.0,2.0,6.326484244998124
829,39.0,3.0,10.0,0.0,0.0,1.0,1.0,6.56196594663171
830,34.0,4.0,17.0,1.0,0.0,1.0,0.0,6.353565335663973
831,27.0,4.0,13.0,1.0,0.0,0.0,1.0,4.823692407745491
832,25.0,5.0,12.0,0.0,0.0,1.0,1.0,5.204321750211472
833,29.0,3.0,17.0,0.0,1.0,0.0,2.0,5.578873815236117
834,26.0,7.0,18.0,0.0,0.0,1.0,2.0,7.522349608554467
835,31.0,2.0,4.0,1.0,1.0,1.0,1.0,4.369245431581541
836,32.0,3.0,14.0,0.0,0.0,1.0,1.0,4.734987796078226
837,40.0,4.0,12.0,0.0,1.0,0.0,0.0,6.685002397209576
838,34.0,3.0,16.0,0.0,0.0,0.0,2.0,5.628236165640431
839,27.0,3.0,15.0,0.0,0.0,0.0,1.0,3.7951106701278805
840,25.0,5.0,14.0,0.0,1.0,1.0,1.0,6.641458760262911
841,37.0,3.0,11.0,0.0,0.0,1.0,0.0,6.366217599129087
842,32.0,3.0,11.0,0.0,0.0,0.0,1.0,5.212532303654188
843,25.0,4.0,22.0,0.0,0.0,1.0,1.0,5.653133995681606
844,32.0,5.0,15.0,1.0,0.0,0.0,1.0,6.265685705160522
845,30.0,4.0,10.0,0.0,0.0,0.0,2.0,4.405574589951818
846,29.0,3.0,8.0,0.0,0.0,0.0,0.0,2.735717896964017
847,29.0,3.0,22.0,1.0,1.0,0.0,0.0,5.7972537563129585
848,36.0,5.0,14.0,0.0,1.0,1.0,1.0,8.220418582284461
849,30.0,3.0,7.0,0.0,0.0,1.0,1.0,4.818036257197655
850,32.0,3.0,12.0,1.0,1.0,0.0,1.0,4.677124408517058
851,24.0,5.0,17.0,1.0,1.0,1.0,1.0,6.786158307112007
852,24.0,3.0,11.0,1.0,0.0,1.0,1.0,4.707863238626816
853,32.0,3.0,17.0,0.0,0.0,1.0,1.0,5.261647097095542
854,29.0,5.0,12.0,0.0,1.0,1.0,1.0,6.449750231518322
855,26.0,5.0,10.0,1.0,1.0,0.0,1.0,5.221279399490747
856,33.0,3.0,5.0,0.0,0.0,1.0,1.0,4.504942645513901
857,25.0,4.0,18.0,0.0,0.0,1.0,1.0,4.418317230234336
858,34.0,2.0,13.0,1.0,0.0,1.0,1.0,6.181998883196805
859,27.0,5.0,17.0,0.0,0.0,1.0,1.0,5.7339093415936
860,29.0,4.0,16.0,1.0,0.0,0.0,1.0,4.195774945738025
861,24.0,2.0,14.0,0.0,0.0,0.0,1.0,3.6768069280346154
862,34.0,4.0,24.0,0.0,0.0,1.0,1.0,7.701597878441749
863,34.0,4.0,16.0,1.0,1.0,1.0,1.0,7.704074995081719
864,36.0,3.0,18.0,1.0,0.0,0.0,1.0,5.909489746248461
865,27.0,4.0,7.0,1.0,0.0,0.0,2.0,3.906971102975582
866,28.0,3.0,7.0,0.0,1.0,1.0,1.0,4.480185091975796
867,38.0,3.0,16.0,1.0,1.0,0.0,0.0,6.86647233633385
868,30.0,5.0,4.0,0.0,1.0,0.0,2.0,4.624085644344878
869,28.0,4.0,17.0,1.0,0.0,1.0,1.0,4.692485577360189
870,27.0,4.0,20.0,0.0,0.0,0.0,1.0,5.3053990026549025
871,33.0,4.0,11.0,0.0,0.0,1.0,1.0,5.4072938009047915
872,30.0,6.0,5.0,0.0,1.0,1.0,1.0,6.74489398598889
873,28.0,5.0,11.0,0.0,0.0,1.0,0.0,5.8436151737590105
874,28.0,3.0,4.0,0.0,1.0,1.0,1.0,3.4562733155018126
875,25.0,4.0,13.0,1.0,1.0,1.0,1.0,6.329697215780952
876,25.0,4.0,11.0,0.0,1.0,1.0,1.0,6.283267490486078
877,28.0,4.0,16.0,0.0,1.0,1.0,1.0,6.30099947295315
878,33.0,5.0,8.0,0.0,1.0,1.0,2.0,6.74460878316993
879,24.0,3.0,17.0,1.0,0.0,1.0,2.0,5.402653309477472
880,38.0,4.0,11.0,1.0,1.0,1.0,2.0,7.735878244709189
881,21.0,4.0,13.0,0.0,1.0,1.0,1.0,4.5651136857620696
882,34.0,5.0,14.0,0.0,1.0,1.0,2.0,8.06184258257527
883,36.0,4.0,12.0,0.0,0.0,0.0,1.0,5.616159615575508
884,29.0,7.0,9.0,0.0,0.0,1.0,1.0,7.0620223300004845
885,38.0,1.0,8.0,1.0,1.0,0.0,1.0,4.557339058901299
886,32.0,5.0,14.0,0.0,0.0,1.0,1.0,7.574173415105399
887,31.0,4.0,13.0,1.0,0.0,0.0,1.0,4.082183744100747
888,27.0,4.0,7.0,1.0,1.0,1.0,1.0,4.907072317996975
889,28.0,4.0,17.0,0.0,0.0,0.0,1.0,4.13330673081766
890,37.0,4.0,13.0,0.0,0.0,1.0,1.0,6.470833693066387
891,25.0,5.0,11.0,0.0,1.0,0.0,1.0,4.041109732369223
892,35.0,3.0,8.0,0.0,1.0,1.0,1.0,6.925611398964861
893,36.0,3.0,21.0,1.0,1.0,1.0,0.0,7.897074050266777
894,26.0,5.0,17.0,0.0,0.0,1.0,1.0,5.715488526017018
895,25.0,3.0,9.0,0.0,0.0,0.0,1.0,3.4168014025930815
896,23.0,3.0,13.0,1.0,0.0,0.0,1.0,4.241366284931055
897,29.0,5.0,15.0,1.0,0.0,1.0,1.0,6.625979175736902
898,31.0,3.0,11.0,0.0,0.0,0.0,2.0,4.470551846709616
899,26.0,4.0,24.0,1.0,1.0,0.0,2.0,7.355644630625322
900,28.0,3.0,8.0,0.0,1.0,0.0,1.0,4.421322393182089
901,29.0,4.0,20.0,1.0,0.0,0.0,1.0,6.151228015596149
902,32.0,4.0,16.0,0.0,0.0,1.0,1.0,5.858098017850924
903,31.0,4.0,14.0,1.0,1.0,0.0,1.0,5.610306678179482
904,31.0,4.0,15.0,0.0,0.0,0.0,1.0,4.920636176721579
905,34.0,4.0,11.0,1.0,0.0,1.0,2.0,5.674708861502146
906,37.0,5.0,14.0,1.0,1.0,0.0,2.0,8.338465804826871
907,31.0,6.0,8.0,1.0,0.0,0.0,1.0,5.050247173958508
908,36.0,5.0,11.0,1.0,1.0,0.0,2.0,7.671051466808982
909,31.0,4.0,14.0,1.0,1.0,1.0,1.0,6.43861290168555
910,32.0,5.0,10.0,0.0,1.0,0.0,1.0,4.665890317966442
911,22.0,4.0,6.0,1.0,1.0,1.0,1.0,4.341339040586299
912,32.0,4.0,7.0,0.0,0.0,1.0,0.0,5.129713323751956
913,37.0,3.0,18.0,1.0,0.0,0.0,1.0,6.268582158123135
914,40.0,3.0,9.0,1.0,0.0,0.0,1.0,5.554220928847975
915,29.0,5.0,19.0,1.0,0.0,1.0,1.0,8.231932607278534
916,35.0,3.0,22.0,0.0,0.0,1.0,1.0,7.414634593699666
917,37.0,4.0,19.0,0.0,0.0,1.0,2.0,7.599573938726965
918,38.0,4.0,15.0,0.0,1.0,1.0,1.0,8.881210593833547
919,32.0,4.0,11.0,0.0,1.0,1.0,1.0,6.178671431641641
920,30.0,4.0,18.0,0.0,0.0,0.0,1.0,5.455533959075011
921,36.0,5.0,20.0,0.0,1.0,0.0,2.0,7.854458006973397
922,28.0,5.0,9.0,1.0,1.0,1.0,1.0,6.066234479379179
923,43.0,3.0,11.0,0.0,1.0,0.0,1.0,7.614010013334713
924,28.0,6.0,17.0,1.0,0.0,1.0,2.0,6.795763636932096
925,37.0,4.0,15.0,0.0,0.0,0.0,1.0,6.657849703952347
926,26.0,3.0,21.0,1.0,1.0,0.0,2.0,5.363420424603257
927,35.0,4.0,12.0,0.0,0.0,0.0,2.0,4.8399948430851065
928,24.0,5.0,5.0,1.0,1.0,1.0,1.0,5.6373075844891325
929,27.0,4.0,23.0,0.0,0.0,1.0,1.0,6.528402813862282
930,29.0,3.0,12.0,1.0,1.0,1.0,1.0,6.367740742238319
931,32.0,4.0,11.0,0.0,0.0,1.0,1.0,5.972961162090277
932,42.0,3.0,19.0,0.0,0.0,0.0,1.0,6.161506882140318
933,23.0,4.0,9.0,0.0,0.0,0.0,1.0,3.535537570789857
934,34.0,7.0,9.0,0.0,0.0,0.0,2.0,6.525220230691524
935,27.0,4.0,16.0,0.0,0.0,1.0,1.0,6.248173314873645
936,34.0,4.0,8.0,0.0,0.0,1.0,1.0,6.278375237282774
937,34.0,4.0,11.0,0.0,0.0,0.0,1.0,4.104254806166314
938,39.0,3.0,9.0,1.0,0.0,1.0,1.0,5.22271379474041
939,31.0,3.0,15.0,1.0,1.0,0.0,1.0,5.565230641719443
940,29.0,5.0,17.0,1.0,0.0,1.0,1.0,6.795979301515285
941,23.0,5.0,23.0,0.0,1.0,0.0,1.0,6.485905934717236
942,28.0,4.0,13.0,0.0,0.0,1.0,2.0,5.390260064610594
943,26.0,3.0,15.0,0.0,1.0,1.0,1.0,5.066792460800186
944,33.0,2.0,9.0,1.0,1.0,1.0,0.0,5.572495902440543
945,32.0,3.0,19.0,0.0,0.0,1.0,1.0,5.110638055128492
946,35.0,4.0,18.0,1.0,1.0,0.0,0.0,7.327565004627117
947,30.0,4.0,15.0,1.0,0.0,1.0,0.0,6.009850528036236
948,29.0,5.0,10.0,1.0,0.0,0.0,2.0,5.309540042973798
949,31.0,5.0,9.0,1.0,0.0,0.0,1.0,5.342602144734542
950,36.0,4.0,5.0,0.0,0.0,1.0,2.0,6.363980551336525
951,28.0,2.0,9.0,0.0,0.0,0.0,1.0,3.1102467025691003
952,29.0,5.0,12.0,0.0,1.0,1.0,1.0,6.612545236936108
953,29.0,4.0,12.0,1.0,1.0,0.0,1.0,4.713789920636955
954,33.0,3.0,15.0,1.0,0.0,1.0,1.0,5.360406532359583
955,34.0,4.0,15.0,1.0,0.0,0.0,1.0,5.148937313937456
956,25.0,3.0,14.0,0.0,0.0,0.0,1.0,4.002617383434075
957,29.0,5.0,10.0,1.0,0.0,0.0,1.0,5.159252823484086
958,32.0,4.0,13.0,0.0,0.0,1.0,1.0,5.979990728693814
959,29.0,3.0,11.0,1.0,0.0,1.0,1.0,5.624228716039934
960,30.0,4.0,13.0,1.0,0.0,1.0,0.0,4.818012749461078
961,24.0,5.0,18.0,0.0,1.0,0.0,1.0,5.792290970757444
962,30.0,5.0,15.0,1.0,0.0,0.0,1.0,6.265434902847756
963,26.0,5.0,10.0,0.0,0.0,1.0,1.0,5.396708329708102
964,30.0,3.0,17.0,0.0,0.0,1.0,2.0,5.9799121678270115
965,35.0,6.0,11.0,1.0,0.0,1.0,1.0,8.785643813378472
966,34.0,2.0,14.0,0.0,0.0,0.0,1.0,4.342417775628795
967,28.0,4.0,10.0,0.0,1.0,0.0,1.0,5.18211609341887
968,29.0,4.0,14.0,1.0,0.0,1.0,1.0,5.658102035324565
969,31.0,2.0,12.0,0.0,1.0,0.0,1.0,3.7640659523836457
970,32.0,4.0,8.0,0.0,0.0,0.0,1.0,5.098533997104026
971,41.0,4.0,11.0,1.0,0.0,0.0,1.0,6.543603442890779
972,28.0,4.0,22.0,0.0,0.0,0.0,2.0,5.430678348259201
973,28.0,6.0,8.0,0.0,0.0,1.0,1.0,5.024807005859213
974,32.0,2.0,13.0,1.0,0.0,0.0,1.0,4.332965169687754
975,27.0,4.0,12.0,1.0,0.0,0.0,1.0,4.415892238306159
976,34.0,4.0,12.0,1.0,1.0,0.0,1.0,7.178328666025901
977,38.0,6.0,8.0,1.0,0.0,1.0,1.0,6.852264979768787
978,36.0,4.0,11.0,0.0,1.0,1.0,0.0,6.610297193217187
979,30.0,4.0,13.0,1.0,0.0,1.0,0.0,5.274107046914974
980,35.0,6.0,14.0,0.0,1.0,0.0,1.0,7.446919069401642
981,27.0,3.0,10.0,1.0,0.0,0.0,2.0,3.436766439157179
982,23.0,3.0,9.0,1.0,0.0,1.0,1.0,4.717566324243114
983,29.0,5.0,17.0,0.0,1.0,0.0,1.0,6.571149926145054
984,24.0,5.0,12.0,1.0,1.0,1.0,1.0,6.087225857618532
985,23.0,4.0,11.0,0.0,1.0,0.0,1.0,2.792501336005011
986,26.0,3.0,12.0,0.0,0.0,1.0,1.0,4.06724030956787
987,25.0,5.0,12.0,1.0,0.0,1.0,1.0,5.544375848842244
988,34.0,4.0,14.0,0.0,1.0,1.0,1.0,7.881548962873694
989,30.0,3.0,13.0,1.0,0.0,0.0,2.0,4.18233212136861
990,39.0,5.0,17.0,1.0,0.0,0.0,0.0,6.327316905917887
991,29.0,1.0,15.0,0.0,1.0,0.0,2.0,4.503307004148628
992,27.0,3.0,9.0,1.0,0.0,1.0,2.0,5.347104766125617
993,30.0,6.0,7.0,1.0,1.0,1.0,1.0,7.300935590368909
994,31.0,6.0,15.0,0.0,0.0,1.0,2.0,6.883591613830073
995,31.0,2.0,10.0,1.0,1.0,0.0,1.0,4.886142537069757
996,31.0,2.0,13.0,1.0,0.0,1.0,1.0,5.5260819196671855
997,29.0,3.0,17.0,0.0,1.0,1.0,1.0,7.196778867917749
998,28.0,4.0,19.0,0.0,1.0,1.0,1.0,7.216175470373288
999,30.0,5.0,11.0,0.0,0.0,1.0,1.0,6.534008575859357
1000,31.0,5.0,7.0,0.0,0.0,0.0,1.0,3.2289865412855354
1001,31.0,1.0,13.0,0.0,0.0,0.0,2.0,3.6001275181028793
1002,24.0,4.0,14.0,0.0,0.0,0.0,1.0,4.269941955267544
1003,24.0,4.0,24.0,0.0,0.0,1.0,2.0,5.732775076609166
1004,29.0,4.0,11.0,1.0,0.0,1.0,1.0,4.915820416390234
1005,28.0,5.0,13.0,1.0,1.0,0.0,1.0,5.460703319385474
1006,35.0,4.0,16.0,0.0,1.0,1.0,2.0,8.299116987235616
1007,34.0,5.0,7.0,1.0,0.0,0.0,1.0,5.550910270165819
1008,31.0,6.0,20.0,0.0,0.0,0.0,2.0,6.367259526337278
1009,29.0,4.0,14.0,0.0,1.0,0.0,2.0,6.18214527450706
1010,27.0,4.0,15.0,0.0,1.0,0.0,1.0,5.842701162937658
1011,26.0,4.0,4.0,0.0,0.0,0.0,1.0,3.5873420443632247
1012,24.0,2.0,11.0,0.0,0.0,1.0,1.0,2.599682829173781
1013,30.0,5.0,15.0,0.0,0.0,1.0,1.0,6.435199241647949
1014,32.0,5.0,17.0,1.0,0.0,0.0,0.0,5.484983066317099
1015,29.0,5.0,11.0,0.0,0.0,0.0,0.0,3.771827454214619
1016,36.0,4.0,13.0,0.0,1.0,0.0,1.0,6.522168816640418
1017,22.0,6.0,16.0,1.0,1.0,0.0,1.0,6.544275451496301
1018,35.0,6.0,11.0,0.0,1.0,0.0,1.0,6.46011375861239
1019,23.0,2.0,15.0,1.0,0.0,1.0,1.0,3.8638375411791346
1020,26.0,3.0,7.0,0.0,0.0,1.0,1.0,3.085728131882309
1021,34.0,5.0,11.0,0.0,0.0,1.0,1.0,5.686449521275524
1022,29.0,3.0,15.0,0.0,0.0,0.0,1.0,4.93550243714655
1023,32.0,5.0,12.0,0.0,1.0,1.0,0.0,7.190173321697733
1024,32.0,5.0,6.0,0.0,0.0,1.0,1.0,5.3721214338749
1025,27.0,4.0,15.0,0.0,0.0,1.0,1.0,5.148542163610209
1026,32.0,5.0,10.0,0.0,0.0,0.0,1.0,4.868865045685922
1027,33.0,4.0,10.0,1.0,1.0,0.0,1.0,5.860210048549918
1028,27.0,5.0,19.0,0.0,0.0,1.0,1.0,6.13671945941913
1029,34.0,4.0,12.0,0.0,0.0,1.0,1.0,5.322879036079347
1030,20.0,4.0,8.0,0.0,1.0,0.0,1.0,3.1051306204955353
1031,34.0,5.0,10.0,0.0,1.0,1.0,0.0,7.783012354393417
1032,33.0,2.0,19.0,1.0,0.0,0.0,2.0,5.3459942890897
1033,32.0,3.0,15.0,1.0,1.0,1.0,1.0,7.796482960480729
1034,25.0,4.0,13.0,0.0,0.0,1.0,1.0,4.5050884382600564
1035,26.0,2.0,10.0,1.0,0.0,0.0,1.0,2.923880242179512
1036,32.0,4.0,17.0,0.0,1.0,1.0,1.0,6.431427975881714
1037,29.0,5.0,11.0,1.0,1.0,1.0,1.0,8.26292984351648
1038,31.0,4.0,19.0,0.0,1.0,1.0,1.0,6.673000403136976
1039,35.0,4.0,15.0,0.0,0.0,0.0,1.0,5.506373428974853
1040,34.0,5.0,9.0,0.0,0.0,1.0,1.0,6.639900630772113
1041,38.0,4.0,15.0,0.0,1.0,0.0,0.0,6.634592130791109
1042,37.0,3.0,4.0,0.0,1.0,0.0,1.0,3.976123130227906
1043,26.0,4.0,10.0,0.0,0.0,0.0,2.0,3.645274950604493
1044,27.0,4.0,11.0,0.0,0.0,1.0,1.0,5.22880664847691
1045,32.0,6.0,24.0,0.0,0.0,1.0,0.0,6.770257164763157
1046,33.0,1.0,11.0,0.0,0.0,1.0,1.0,5.217247247821543
1047,29.0,4.0,21.0,0.0,1.0,0.0,1.0,6.346513577671391
1048,23.0,3.0,14.0,1.0,0.0,0.0,1.0,3.6620278082120783
1049,28.0,3.0,13.0,0.0,0.0,0.0,0.0,2.4505161078289133
1050,37.0,5.0,11.0,0.0,1.0,1.0,0.0,7.410152098259493
1051,31.0,5.0,11.0,1.0,0.0,1.0,2.0,6.377133211271715
1052,35.0,5.0,28.0,0.0,0.0,1.0,2.0,8.89757464063532
1053,26.0,3.0,13.0,0.0,1.0,0.0,1.0,4.263044042243203
1054,33.0,3.0,13.0,0.0,1.0,1.0,1.0,6.035836249449304
1055,34.0,4.0,18.0,0.0,0.0,0.0,2.0,5.950653556952769
1056,31.0,4.0,13.0,0.0,0.0,0.0,2.0,4.317864216770302
1057,33.0,4.0,13.0,0.0,0.0,0.0,1.0,5.103402175895929
1058,24.0,5.0,12.0,0.0,0.0,0.0,2.0,4.265037566899471
1059,27.0,6.0,5.0,1.0,1.0,0.0,0.0,5.472199138040669
1060,30.0,2.0,11.0,0.0,0.0,1.0,1.0,4.681825864971949
1061,23.0,3.0,10.0,1.0,1.0,1.0,2.0,4.603358340883004
1062,28.0,5.0,3.0,1.0,0.0,0.0,2.0,3.468999290695734
1063,34.0,4.0,15.0,0.0,0.0,1.0,1.0,5.149532467048974
1064,28.0,5.0,12.0,1.0,0.0,1.0,1.0,6.127308663815697
1065,30.0,6.0,4.0,1.0,0.0,0.0,1.0,5.1977967444088815
1066,34.0,4.0,13.0,0.0,0.0,1.0,1.0,4.046267108511714
1067,35.0,4.0,15.0,1.0,1.0,0.0,1.0,7.650334858666961
1068,28.0,4.0,13.0,1.0,0.0,1.0,1.0,6.107326064548638
1069,30.0,5.0,9.0,1.0,0.0,0.0,0.0,5.209939451797699
1070,24.0,4.0,13.0,0.0,1.0,1.0,1.0,5.285679995743668
1071,31.0,4.0,13.0,0.0,0.0,1.0,2.0,5.835316334052844
1072,35.0,4.0,9.0,1.0,0.0,0.0,1.0,5.828462595393561
1073,28.0,4.0,10.0,0.0,0.0,0.0,1.0,2.9741119703830976
1074,28.0,4.0,10.0,0.0,0.0,0.0,1.0,3.817324328320566
1075,28.0,3.0,15.0,0.0,0.0,0.0,1.0,3.9425982731376457
1076,23.0,3.0,21.0,0.0,1.0,0.0,0.0,4.52897207968719
1077,36.0,4.0,15.0,0.0,0.0,1.0,2.0,6.094261721802024
1078,33.0,3.0,9.0,1.0,0.0,1.0,1.0,4.05404064873608
1079,33.0,4.0,18.0,1.0,0.0,1.0,1.0,5.659629409790771
1080,36.0,4.0,14.0,1.0,0.0,0.0,0.0,5.063823685487538
1081,17.0,4.0,11.0,0.0,1.0,1.0,1.0,4.367665945139569
1082,34.0,5.0,12.0,0.0,0.0,1.0,2.0,7.382333878963106
1083,32.0,4.0,12.0,0.0,0.0,0.0,1.0,4.108875226508443
1084,32.0,6.0,17.0,0.0,0.0,0.0,0.0,6.237553907171966
1085,29.0,3.0,13.0,1.0,1.0,1.0,2.0,6.6897528747582955
1086,32.0,5.0,18.0,0.0,0.0,1.0,2.0,7.341782125232151
1087,30.0,2.0,14.0,1.0,1.0,1.0,1.0,6.152567089709645
1088,27.0,5.0,19.0,1.0,1.0,1.0,0.0,8.157205507821722
1089,32.0,2.0,17.0,0.0,1.0,1.0,2.0,5.948305095400526
1090,29.0,6.0,17.0,0.0,0.0,1.0,1.0,6.977515693772152
1091,36.0,6.0,19.0,0.0,1.0,1.0,1.0,9.545953287718332
1092,29.0,5.0,20.0,0.0,0.0,0.0,1.0,5.830189049712556
1093,26.0,4.0,11.0,1.0,1.0,0.0,1.0,5.323246589213586
1094,29.0,3.0,15.0,1.0,0.0,1.0,1.0,3.8417913140310818
1095,32.0,4.0,13.0,0.0,1.0,0.0,2.0,5.193660153184018
1096,24.0,4.0,13.0,0.0,1.0,0.0,1.0,4.539850088724554
1097,32.0,5.0,7.0,1.0,0.0,1.0,1.0,6.852875367037799
1098,25.0,5.0,23.0,1.0,0.0,0.0,2.0,6.168748319373715
1099,22.0,3.0,19.0,1.0,1.0,0.0,2.0,5.460211598219255
1100,32.0,4.0,11.0,1.0,0.0,1.0,1.0,7.130010331984202
1101,29.0,3.0,18.0,0.0,0.0,1.0,1.0,6.081589490896113
1102,28.0,5.0,9.0,0.0,1.0,0.0,1.0,5.3936564389530615
1103,36.0,4.0,12.0,0.0,0.0,1.0,1.0,6.269360086304543
1104,24.0,4.0,4.0,1.0,0.0,0.0,2.0,4.092981241359983
1105,25.0,3.0,15.0,0.0,1.0,1.0,1.0,4.798952228942763
1106,31.0,5.0,11.0,1.0,0.0,1.0,1.0,7.231417692543466
1107,34.0,6.0,18.0,0.0,0.0,1.0,1.0,7.523768739602007
1108,27.0,4.0,12.0,0.0,0.0,1.0,1.0,4.403272586113589
1109,28.0,5.0,12.0,0.0,1.0,1.0,1.0,7.0877643979454525
1110,32.0,4.0,10.0,0.0,0.0,0.0,1.0,4.8558945618671565
1111,33.0,4.0,14.0,0.0,0.0,1.0,2.0,5.863720366729642
1112,37.0,3.0,14.0,0.0,1.0,1.0,1.0,7.028404101177964
1113,29.0,4.0,14.0,0.0,1.0,0.0,1.0,4.886548325286405
1114,34.0,3.0,8.0,1.0,0.0,1.0,1.0,4.275931847886866
1115,29.0,3.0,22.0,0.0,0.0,1.0,1.0,4.566939418818788
1116,42.0,5.0,13.0,0.0,0.0,0.0,2.0,6.571273644682929
1117,34.0,3.0,23.0,0.0,1.0,1.0,1.0,8.038144931571047
1118,31.0,3.0,18.0,1.0,1.0,1.0,1.0,6.769496842339757
1119,32.0,4.0,13.0,0.0,1.0,1.0,1.0,6.4859488155146146
1120,40.0,6.0,8.0,0.0,0.0,0.0,0.0,6.097419220939573
1121,25.0,5.0,8.0,0.0,1.0,0.0,2.0,5.071560851686337
1122,23.0,3.0,7.0,1.0,0.0,1.0,2.0,3.577089081380494
1123,31.0,4.0,13.0,0.0,0.0,1.0,1.0,6.567503690373378
1124,24.0,4.0,17.0,0.0,0.0,1.0,2.0,4.835500373311956
1125,26.0,3.0,16.0,0.0,0.0,1.0,1.0,5.547347113320903
1126,32.0,5.0,12.0,0.0,0.0,0.0,1.0,4.759746483851398
1127,36.0,4.0,18.0,1.0,1.0,1.0,1.0,8.494266340253077
1128,37.0,4.0,15.0,1.0,0.0,1.0,1.0,7.510856587766339
1129,34.0,4.0,12.0,1.0,0.0,0.0,1.0,5.636315538207807
1130,33.0,4.0,4.0,1.0,0.0,1.0,1.0,4.788147725346713
1131,29.0,3.0,8.0,0.0,1.0,1.0,1.0,5.728882509712975
1132,33.0,1.0,13.0,0.0,0.0,0.0,1.0,4.229507878767638
1133,28.0,3.0,18.0,0.0,1.0,1.0,1.0,6.776788898780892
1134,35.0,5.0,16.0,1.0,0.0,1.0,1.0,7.468514853257745
1135,33.0,5.0,21.0,1.0,0.0,1.0,2.0,7.986462258986718
1136,36.0,4.0,20.0,0.0,0.0,0.0,1.0,6.719329595069757
1137,32.0,5.0,11.0,1.0,0.0,1.0,1.0,6.993605372534329
1138,36.0,2.0,15.0,0.0,1.0,1.0,1.0,5.884251507476442
1139,30.0,4.0,10.0,0.0,0.0,1.0,1.0,5.225890051861147
1140,31.0,3.0,15.0,0.0,0.0,0.0,1.0,3.7463404654049546
1141,33.0,2.0,15.0,1.0,0.0,1.0,1.0,5.417087760343333
1142,30.0,4.0,13.0,1.0,1.0,1.0,1.0,7.312675284046762
1143,31.0,5.0,11.0,1.0,0.0,1.0,1.0,5.548226440901076
1144,22.0,5.0,11.0,1.0,0.0,0.0,2.0,5.338550732831154
1145,26.0,2.0,12.0,1.0,1.0,0.0,1.0,4.6651667632622935
1146,34.0,2.0,12.0,0.0,0.0,1.0,1.0,5.7888580019837175
1147,33.0,4.0,9.0,1.0,1.0,0.0,2.0,4.842052335763002
1148,35.0,5.0,15.0,0.0,1.0,1.0,1.0,8.236946423237605
1149,24.0,3.0,18.0,1.0,0.0,0.0,1.0,3.583385525584855
1150,27.0,3.0,13.0,1.0,0.0,1.0,1.0,5.202140904704468
1151,25.0,5.0,14.0,0.0,0.0,1.0,1.0,5.568854800124892
1152,25.0,5.0,5.0,0.0,0.0,0.0,1.0,3.3870641267701465
1153,38.0,3.0,20.0,0.0,1.0,0.0,1.0,6.8045713720943635
1154,20.0,4.0,17.0,0.0,0.0,0.0,0.0,3.4553973644858043
1155,36.0,5.0,19.0,0.0,0.0,1.0,1.0,6.034327166548489
1156,23.0,3.0,22.0,1.0,0.0,1.0,0.0,5.957560015539447
1157,30.0,3.0,22.0,1.0,0.0,1.0,1.0,5.948349686159735
1158,29.0,4.0,7.0,0.0,1.0,1.0,2.0,6.777949874407989
1159,28.0,3.0,18.0,0.0,1.0,1.0,2.0,7.217351400497879
1160,28.0,3.0,19.0,0.0,1.0,0.0,0.0,5.81919894108213
1161,32.0,3.0,19.0,0.0,1.0,1.0,0.0,6.949122557123099
1162,29.0,3.0,11.0,1.0,1.0,1.0,0.0,6.814380882577482
1163,30.0,4.0,15.0,1.0,1.0,1.0,1.0,6.821197287376676
1164,34.0,3.0,18.0,0.0,0.0,1.0,1.0,6.149189826189834
1165,34.0,5.0,10.0,1.0,1.0,1.0,0.0,7.610025441611274
1166,39.0,3.0,16.0,0.0,0.0,0.0,1.0,6.528304605382573
1167,31.0,3.0,17.0,1.0,0.0,0.0,1.0,4.379882111439011
1168,38.0,3.0,10.0,0.0,0.0,1.0,2.0,5.394399908590323
1169,31.0,3.0,12.0,1.0,0.0,1.0,1.0,6.625820507004729
1170,22.0,5.0,7.0,1.0,0.0,0.0,1.0,3.7351826561706325
1171,27.0,4.0,5.0,0.0,0.0,1.0,1.0,5.068216461138366
1172,33.0,3.0,18.0,0.0,1.0,0.0,0.0,6.279583661076906
1173,38.0,2.0,5.0,0.0,0.0,1.0,1.0,4.704421731267639
1174,31.0,3.0,10.0,1.0,1.0,1.0,1.0,6.2622322271258195
1175,36.0,3.0,9.0,0.0,0.0,0.0,1.0,5.046622084492173
1176,29.0,3.0,12.0,1.0,0.0,1.0,1.0,5.742318342179252
1177,38.0,4.0,21.0,0.0,0.0,0.0,2.0,7.746985582131327
1178,29.0,3.0,17.0,0.0,0.0,0.0,0.0,3.66866617010499
1179,30.0,3.0,11.0,0.0,1.0,1.0,1.0,5.680786244963389
1180,25.0,4.0,16.0,1.0,1.0,1.0,1.0,7.252086473170469
1181,29.0,3.0,13.0,1.0,0.0,0.0,2.0,4.771944557457251
1182,31.0,5.0,14.0,1.0,0.0,0.0,1.0,5.017708507229626
1183,27.0,5.0,16.0,1.0,0.0,0.0,1.0,4.747218017662315
1184,30.0,3.0,11.0,0.0,1.0,1.0,0.0,5.323699692181543
1185,40.0,3.0,23.0,0.0,0.0,0.0,2.0,6.756708893340573
1186,21.0,3.0,17.0,1.0,1.0,1.0,1.0,5.657890627676858
1187,26.0,3.0,11.0,1.0,0.0,0.0,1.0,3.4700987737945015
1188,30.0,4.0,14.0,0.0,1.0,0.0,1.0,4.936690429512247
1189,31.0,4.0,21.0,1.0,1.0,0.0,1.0,6.693696233599408
1190,38.0,5.0,17.0,1.0,0.0,1.0,1.0,8.182978305374835
1191,31.0,2.0,15.0,1.0,0.0,1.0,1.0,4.1817624483918285
1192,33.0,3.0,9.0,1.0,1.0,0.0,1.0,5.353138517495242
1193,33.0,5.0,12.0,0.0,1.0,0.0,1.0,6.374303815781554
1194,36.0,4.0,10.0,0.0,1.0,0.0,1.0,5.5479980767387875
1195,31.0,4.0,15.0,1.0,0.0,0.0,2.0,4.672268047444025
1196,33.0,5.0,6.0,0.0,1.0,0.0,1.0,5.612797905120775
1197,29.0,4.0,15.0,0.0,1.0,0.0,1.0,5.856024287360693
1198,27.0,2.0,12.0,1.0,0.0,0.0,1.0,3.567098810658275
1199,27.0,4.0,17.0,0.0,1.0,1.0,1.0,7.335012537523018
